"clip_id","clip_name","clip_path","clip_rel","clip_stem","created_at_utc","duration_s","fps","height","master_path","master_rel","sha1_64","tags","t_end_s","t_start_s","width"
"","023__2025-09-13__TSC_vs_NEOFC__SHOT__t3098.90-t3108.80_portrait_POST.mp4","C:\Users\scott\soccer-video\out\atomic_clips\2025-09-13__TSC_vs_NEOFC\023__2025-09-13__TSC_vs_NEOFC__SHOT__t3098.90-t3108.80_portrait_POST.mp4","atomic_clips\2025-09-13__TSC_vs_NEOFC\023__2025-09-13__TSC_vs_NEOFC__SHOT__t3098.90-t3108.80_portrait_POST.mp4","023__2025-09-13__TSC_vs_NEOFC__SHOT__t3098.90-t3108.80_portrait_POST","","","","","C:\Users\scott\soccer-video\out\games\2025-09-13__TSC_vs_NEOFC\MASTER.mp4","","","","3108.8","3098.9",""
"","021__2025-09-13__TSC_vs_NEOFC__SHOT__t2860.70-t2873.00_portrait_POST.mp4","C:\Users\scott\soccer-video\out\atomic_clips\2025-09-13__TSC_vs_NEOFC\021__2025-09-13__TSC_vs_NEOFC__SHOT__t2860.70-t2873.00_portrait_POST.mp4","atomic_clips\2025-09-13__TSC_vs_NEOFC\021__2025-09-13__TSC_vs_NEOFC__SHOT__t2860.70-t2873.00_portrait_POST.mp4","021__2025-09-13__TSC_vs_NEOFC__SHOT__t2860.70-t2873.00_portrait_POST","","","","","C:\Users\scott\soccer-video\out\games\2025-09-13__TSC_vs_NEOFC\MASTER.mp4","","","","2873","2860.7",""
"","019__2025-09-13__TSC_vs_NEOFC__SHOT__t2633.00-t2638.10_portrait_POST.mp4","C:\Users\scott\soccer-video\out\atomic_clips\2025-09-13__TSC_vs_NEOFC\019__2025-09-13__TSC_vs_NEOFC__SHOT__t2633.00-t2638.10_portrait_POST.mp4","atomic_clips\2025-09-13__TSC_vs_NEOFC\019__2025-09-13__TSC_vs_NEOFC__SHOT__t2633.00-t2638.10_portrait_POST.mp4","019__2025-09-13__TSC_vs_NEOFC__SHOT__t2633.00-t2638.10_portrait_POST","","","","","C:\Users\scott\soccer-video\out\games\2025-09-13__TSC_vs_NEOFC\MASTER.mp4","","","","2638.1","2633",""
"","018__2025-09-13__TSC_vs_NEOFC__SHOT__t2419.50-t2425.60_portrait_POST.mp4","C:\Users\scott\soccer-video\out\atomic_clips\2025-09-13__TSC_vs_NEOFC\018__2025-09-13__TSC_vs_NEOFC__SHOT__t2419.50-t2425.60_portrait_POST.mp4","atomic_clips\2025-09-13__TSC_vs_NEOFC\018__2025-09-13__TSC_vs_NEOFC__SHOT__t2419.50-t2425.60_portrait_POST.mp4","018__2025-09-13__TSC_vs_NEOFC__SHOT__t2419.50-t2425.60_portrait_POST","","","","","C:\Users\scott\soccer-video\out\games\2025-09-13__TSC_vs_NEOFC\MASTER.mp4","","","","2425.6","2419.5",""
"","017__2025-09-13__TSC_vs_NEOFC__SHOT__t2284.90-t2298.20_portrait_POST.mp4","C:\Users\scott\soccer-video\out\atomic_clips\2025-09-13__TSC_vs_NEOFC\017__2025-09-13__TSC_vs_NEOFC__SHOT__t2284.90-t2298.20_portrait_POST.mp4","atomic_clips\2025-09-13__TSC_vs_NEOFC\017__2025-09-13__TSC_vs_NEOFC__SHOT__t2284.90-t2298.20_portrait_POST.mp4","017__2025-09-13__TSC_vs_NEOFC__SHOT__t2284.90-t2298.20_portrait_POST","","","","","C:\Users\scott\soccer-video\out\games\2025-09-13__TSC_vs_NEOFC\MASTER.mp4","","","","2298.2","2284.9",""
"","016__2025-09-13__TSC_vs_NEOFC__SHOT__t2029.90-t2039.50_portrait_POST.mp4","C:\Users\scott\soccer-video\out\atomic_clips\2025-09-13__TSC_vs_NEOFC\016__2025-09-13__TSC_vs_NEOFC__SHOT__t2029.90-t2039.50_portrait_POST.mp4","atomic_clips\2025-09-13__TSC_vs_NEOFC\016__2025-09-13__TSC_vs_NEOFC__SHOT__t2029.90-t2039.50_portrait_POST.mp4","016__2025-09-13__TSC_vs_NEOFC__SHOT__t2029.90-t2039.50_portrait_POST","","","","","C:\Users\scott\soccer-video\out\games\2025-09-13__TSC_vs_NEOFC\MASTER.mp4","","","","2039.5","2029.9",""
"","009__2025-09-13__TSC_vs_NEOFC__SHOT__t1420.40-t1438.20_portrait_POST.mp4","C:\Users\scott\soccer-video\out\atomic_clips\2025-09-13__TSC_vs_NEOFC\009__2025-09-13__TSC_vs_NEOFC__SHOT__t1420.40-t1438.20_portrait_POST.mp4","atomic_clips\2025-09-13__TSC_vs_NEOFC\009__2025-09-13__TSC_vs_NEOFC__SHOT__t1420.40-t1438.20_portrait_POST.mp4","009__2025-09-13__TSC_vs_NEOFC__SHOT__t1420.40-t1438.20_portrait_POST","","","","","C:\Users\scott\soccer-video\out\games\2025-09-13__TSC_vs_NEOFC\MASTER.mp4","","","","1438.2","1420.4",""
"","008__2025-09-13__TSC_vs_NEOFC__SHOT__t1247.80-t1259.20_portrait_POST.mp4","C:\Users\scott\soccer-video\out\atomic_clips\2025-09-13__TSC_vs_NEOFC\008__2025-09-13__TSC_vs_NEOFC__SHOT__t1247.80-t1259.20_portrait_POST.mp4","atomic_clips\2025-09-13__TSC_vs_NEOFC\008__2025-09-13__TSC_vs_NEOFC__SHOT__t1247.80-t1259.20_portrait_POST.mp4","008__2025-09-13__TSC_vs_NEOFC__SHOT__t1247.80-t1259.20_portrait_POST","","","","","C:\Users\scott\soccer-video\out\games\2025-09-13__TSC_vs_NEOFC\MASTER.mp4","","","","1259.2","1247.8",""
"","115__2025-09-13__TSC_vs_NEOFC__SHOT__t155.5-t166.4.mp4","C:\Users\scott\soccer-video\out\atomic_clips\2025-09-13__TSC_vs_NEOFC\115__2025-09-13__TSC_vs_NEOFC__SHOT__t155.5-t166.4.mp4","atomic_clips\2025-09-13__TSC_vs_NEOFC\115__2025-09-13__TSC_vs_NEOFC__SHOT__t155.5-t166.4.mp4","115__2025-09-13__TSC_vs_NEOFC__SHOT__t155.5-t166.4","","","","","C:\Users\scott\soccer-video\out\games\2025-09-13__TSC_vs_NEOFC\MASTER.mp4","","","","166.4","155.5",""
"","020__2025-09-13__TSC_vs_NEOFC__GOAL__t2816.60-t2831.80_portrait_POST.mp4","C:\Users\scott\soccer-video\out\atomic_clips\2025-09-13__TSC_vs_NEOFC\020__2025-09-13__TSC_vs_NEOFC__GOAL__t2816.60-t2831.80_portrait_POST.mp4","atomic_clips\2025-09-13__TSC_vs_NEOFC\020__2025-09-13__TSC_vs_NEOFC__GOAL__t2816.60-t2831.80_portrait_POST.mp4","020__2025-09-13__TSC_vs_NEOFC__GOAL__t2816.60-t2831.80_portrait_POST","","","","","C:\Users\scott\soccer-video\out\games\2025-09-13__TSC_vs_NEOFC\MASTER.mp4","","","","2831.8","2816.6",""
"","014__2025-09-13__TSC_vs_NEOFC__GOAL__t1904.20-t1925.20_portrait_POST.mp4","C:\Users\scott\soccer-video\out\atomic_clips\2025-09-13__TSC_vs_NEOFC\014__2025-09-13__TSC_vs_NEOFC__GOAL__t1904.20-t1925.20_portrait_POST.mp4","atomic_clips\2025-09-13__TSC_vs_NEOFC\014__2025-09-13__TSC_vs_NEOFC__GOAL__t1904.20-t1925.20_portrait_POST.mp4","014__2025-09-13__TSC_vs_NEOFC__GOAL__t1904.20-t1925.20_portrait_POST","","","","","C:\Users\scott\soccer-video\out\games\2025-09-13__TSC_vs_NEOFC\MASTER.mp4","","","","1925.2","1904.2",""
"","013__2025-09-13__TSC_vs_NEOFC__GOAL__t1767.50-t1772.60_portrait_POST.mp4","C:\Users\scott\soccer-video\out\atomic_clips\2025-09-13__TSC_vs_NEOFC\013__2025-09-13__TSC_vs_NEOFC__GOAL__t1767.50-t1772.60_portrait_POST.mp4","atomic_clips\2025-09-13__TSC_vs_NEOFC\013__2025-09-13__TSC_vs_NEOFC__GOAL__t1767.50-t1772.60_portrait_POST.mp4","013__2025-09-13__TSC_vs_NEOFC__GOAL__t1767.50-t1772.60_portrait_POST","","","","","C:\Users\scott\soccer-video\out\games\2025-09-13__TSC_vs_NEOFC\MASTER.mp4","","","","1772.6","1767.5",""
"","012__2025-09-13__TSC_vs_NEOFC__GOAL__t1705.20-t1708.50_portrait_POST.mp4","C:\Users\scott\soccer-video\out\atomic_clips\2025-09-13__TSC_vs_NEOFC\012__2025-09-13__TSC_vs_NEOFC__GOAL__t1705.20-t1708.50_portrait_POST.mp4","atomic_clips\2025-09-13__TSC_vs_NEOFC\012__2025-09-13__TSC_vs_NEOFC__GOAL__t1705.20-t1708.50_portrait_POST.mp4","012__2025-09-13__TSC_vs_NEOFC__GOAL__t1705.20-t1708.50_portrait_POST","","","","","C:\Users\scott\soccer-video\out\games\2025-09-13__TSC_vs_NEOFC\MASTER.mp4","","","","1708.5","1705.2",""
"","004__2025-09-13__TSC_vs_NEOFC__GOAL__t266.50-t283.10.__DEBUG_FINAL_portrait_FINAL.mp4","C:\Users\scott\soccer-video\out\atomic_clips\2025-09-13__TSC_vs_NEOFC\004__2025-09-13__TSC_vs_NEOFC__GOAL__t266.50-t283.10.__DEBUG_FINAL_portrait_FINAL.mp4","atomic_clips\2025-09-13__TSC_vs_NEOFC\004__2025-09-13__TSC_vs_NEOFC__GOAL__t266.50-t283.10.__DEBUG_FINAL_portrait_FINAL.mp4","004__2025-09-13__TSC_vs_NEOFC__GOAL__t266.50-t283.10.__DEBUG_FINAL_portrait_FINAL","","","","","C:\Users\scott\soccer-video\out\games\2025-09-13__TSC_vs_NEOFC\MASTER.mp4","","","","283.1","266.5",""
"","002__2025-09-13__TSC_vs_NEOFC__GOAL__t180.80-t191.20.__DEBUG_FINAL_portrait_FINAL.mp4","C:\Users\scott\soccer-video\out\atomic_clips\2025-09-13__TSC_vs_NEOFC\002__2025-09-13__TSC_vs_NEOFC__GOAL__t180.80-t191.20.__DEBUG_FINAL_portrait_FINAL.mp4","atomic_clips\2025-09-13__TSC_vs_NEOFC\002__2025-09-13__TSC_vs_NEOFC__GOAL__t180.80-t191.20.__DEBUG_FINAL_portrait_FINAL.mp4","002__2025-09-13__TSC_vs_NEOFC__GOAL__t180.80-t191.20.__DEBUG_FINAL_portrait_FINAL","","","","","C:\Users\scott\soccer-video\out\games\2025-09-13__TSC_vs_NEOFC\MASTER.mp4","","","","191.2","180.8",""
"","003__2025-09-13__TSC_vs_NEOFC__BUILD_UP__t224.80-t248.70.__DEBUG_FINAL_portrait_FINAL.mp4","C:\Users\scott\soccer-video\out\atomic_clips\2025-09-13__TSC_vs_NEOFC\003__2025-09-13__TSC_vs_NEOFC__BUILD_UP__t224.80-t248.70.__DEBUG_FINAL_portrait_FINAL.mp4","atomic_clips\2025-09-13__TSC_vs_NEOFC\003__2025-09-13__TSC_vs_NEOFC__BUILD_UP__t224.80-t248.70.__DEBUG_FINAL_portrait_FINAL.mp4","003__2025-09-13__TSC_vs_NEOFC__BUILD_UP__t224.80-t248.70.__DEBUG_FINAL_portrait_FINAL","","","","","C:\Users\scott\soccer-video\out\games\2025-09-13__TSC_vs_NEOFC\MASTER.mp4","","","","248.7","224.8",""
"","005__2025-09-13__TSC_vs_NEOFC__CORNER__t417.90-t431.60.__DEBUG_FINAL_portrait_FINAL.mp4","C:\Users\scott\soccer-video\out\atomic_clips\2025-09-13__TSC_vs_NEOFC\005__2025-09-13__TSC_vs_NEOFC__CORNER__t417.90-t431.60.__DEBUG_FINAL_portrait_FINAL.mp4","atomic_clips\2025-09-13__TSC_vs_NEOFC\005__2025-09-13__TSC_vs_NEOFC__CORNER__t417.90-t431.60.__DEBUG_FINAL_portrait_FINAL.mp4","005__2025-09-13__TSC_vs_NEOFC__CORNER__t417.90-t431.60.__DEBUG_FINAL_portrait_FINAL","","","","","C:\Users\scott\soccer-video\out\games\2025-09-13__TSC_vs_NEOFC\MASTER.mp4","","","","431.6","417.9",""
"","006__2025-09-13__TSC_vs_NEOFC__DEFENSE__t699.30-t711.50.__DEBUG_FINAL_portrait_FINAL.mp4","C:\Users\scott\soccer-video\out\atomic_clips\2025-09-13__TSC_vs_NEOFC\006__2025-09-13__TSC_vs_NEOFC__DEFENSE__t699.30-t711.50.__DEBUG_FINAL_portrait_FINAL.mp4","atomic_clips\2025-09-13__TSC_vs_NEOFC\006__2025-09-13__TSC_vs_NEOFC__DEFENSE__t699.30-t711.50.__DEBUG_FINAL_portrait_FINAL.mp4","006__2025-09-13__TSC_vs_NEOFC__DEFENSE__t699.30-t711.50.__DEBUG_FINAL_portrait_FINAL","","","","","C:\Users\scott\soccer-video\out\games\2025-09-13__TSC_vs_NEOFC\MASTER.mp4","","","","711.5","699.3",""
"","015__2025-09-13__TSC_vs_NEOFC__DRIBBLING__t1972.50-t1980.70_portrait_POST.mp4","C:\Users\scott\soccer-video\out\atomic_clips\2025-09-13__TSC_vs_NEOFC\015__2025-09-13__TSC_vs_NEOFC__DRIBBLING__t1972.50-t1980.70_portrait_POST.mp4","atomic_clips\2025-09-13__TSC_vs_NEOFC\015__2025-09-13__TSC_vs_NEOFC__DRIBBLING__t1972.50-t1980.70_portrait_POST.mp4","015__2025-09-13__TSC_vs_NEOFC__DRIBBLING__t1972.50-t1980.70_portrait_POST","","","","","C:\Users\scott\soccer-video\out\games\2025-09-13__TSC_vs_NEOFC\MASTER.mp4","","","","1980.7","1972.5",""
"","007__2025-09-13__TSC_vs_NEOFC__DRIBBLING__t982.00-t987.90_portrait_POST.mp4","C:\Users\scott\soccer-video\out\atomic_clips\2025-09-13__TSC_vs_NEOFC\007__2025-09-13__TSC_vs_NEOFC__DRIBBLING__t982.00-t987.90_portrait_POST.mp4","atomic_clips\2025-09-13__TSC_vs_NEOFC\007__2025-09-13__TSC_vs_NEOFC__DRIBBLING__t982.00-t987.90_portrait_POST.mp4","007__2025-09-13__TSC_vs_NEOFC__DRIBBLING__t982.00-t987.90_portrait_POST","","","","","C:\Users\scott\soccer-video\out\games\2025-09-13__TSC_vs_NEOFC\MASTER.mp4","","","","987.9","982",""
"","010__2025-09-13__TSC_vs_NEOFC__CROSS__t1541.10-t1547.90_portrait_POST.mp4","C:\Users\scott\soccer-video\out\atomic_clips\2025-09-13__TSC_vs_NEOFC\010__2025-09-13__TSC_vs_NEOFC__CROSS__t1541.10-t1547.90_portrait_POST.mp4","atomic_clips\2025-09-13__TSC_vs_NEOFC\010__2025-09-13__TSC_vs_NEOFC__CROSS__t1541.10-t1547.90_portrait_POST.mp4","010__2025-09-13__TSC_vs_NEOFC__CROSS__t1541.10-t1547.90_portrait_POST","","","","","C:\Users\scott\soccer-video\out\games\2025-09-13__TSC_vs_NEOFC\MASTER.mp4","","","","1547.9","1541.1",""
"","011__2025-09-13__TSC_vs_NEOFC__SHOTS__t1655.00-t1670.30_portrait_POST.mp4","C:\Users\scott\soccer-video\out\atomic_clips\2025-09-13__TSC_vs_NEOFC\011__2025-09-13__TSC_vs_NEOFC__SHOTS__t1655.00-t1670.30_portrait_POST.mp4","atomic_clips\2025-09-13__TSC_vs_NEOFC\011__2025-09-13__TSC_vs_NEOFC__SHOTS__t1655.00-t1670.30_portrait_POST.mp4","011__2025-09-13__TSC_vs_NEOFC__SHOTS__t1655.00-t1670.30_portrait_POST","","","","","C:\Users\scott\soccer-video\out\games\2025-09-13__TSC_vs_NEOFC\MASTER.mp4","","","","1670.3","1655",""
"","030__2025-09-13__TSC_vs_NEOFC__2025-10-04__TSC_vs_FC_Tulsa_Black__BUILD_UP_SHOT__t1705-t1721.mp4","C:\Users\scott\soccer-video\out\atomic_clips\2025-09-13__TSC_vs_NEOFC\030__2025-09-13__TSC_vs_NEOFC__2025-10-04__TSC_vs_FC_Tulsa_Black__BUILD_UP_SHOT__t1705-t1721.mp4","atomic_clips\2025-09-13__TSC_vs_NEOFC\030__2025-09-13__TSC_vs_NEOFC__2025-10-04__TSC_vs_FC_Tulsa_Black__BUILD_UP_SHOT__t1705-t1721.mp4","030__2025-09-13__TSC_vs_NEOFC__2025-10-04__TSC_vs_FC_Tulsa_Black__BUILD_UP_SHOT__t1705-t1721","","","","","C:\Users\scott\soccer-video\out\games\2025-09-13__TSC_vs_NEOFC\MASTER.mp4","","","","1721","1705",""
"","027__2025-09-20__TSC_vs_Greenwood__BUILD_UP_PLAY_SHOT__t2937600.00-t3002400.00.mp4","C:\Users\scott\soccer-video\out\atomic_clips\2025-09-20__TSC_vs_Greenwood\027__2025-09-20__TSC_vs_Greenwood__BUILD_UP_PLAY_SHOT__t2937600.00-t3002400.00.mp4","atomic_clips\2025-09-20__TSC_vs_Greenwood\027__2025-09-20__TSC_vs_Greenwood__BUILD_UP_PLAY_SHOT__t2937600.00-t3002400.00.mp4","027__2025-09-20__TSC_vs_Greenwood__BUILD_UP_PLAY_SHOT__t2937600.00-t3002400.00","","","","","C:\Users\scott\soccer-video\out\games\2025-09-20__TSC_vs_Greenwood\MASTER.mp4","","","","3002400","2937600",""
"","016__2025-09-20__TSC_vs_Greenwood__BUILD_UP_PLAY_SHOT__t71700.00-t72540.00.mp4","C:\Users\scott\soccer-video\out\atomic_clips\2025-09-20__TSC_vs_Greenwood\016__2025-09-20__TSC_vs_Greenwood__BUILD_UP_PLAY_SHOT__t71700.00-t72540.00.mp4","atomic_clips\2025-09-20__TSC_vs_Greenwood\016__2025-09-20__TSC_vs_Greenwood__BUILD_UP_PLAY_SHOT__t71700.00-t72540.00.mp4","016__2025-09-20__TSC_vs_Greenwood__BUILD_UP_PLAY_SHOT__t71700.00-t72540.00","","","","","C:\Users\scott\soccer-video\out\games\2025-09-20__TSC_vs_Greenwood\MASTER.mp4","","","","72540","71700",""
"","006__2025-09-20__TSC_vs_Greenwood__BUILD_UP_PLAY_SHOT__t41100.00-t42480.00.mp4","C:\Users\scott\soccer-video\out\atomic_clips\2025-09-20__TSC_vs_Greenwood\006__2025-09-20__TSC_vs_Greenwood__BUILD_UP_PLAY_SHOT__t41100.00-t42480.00.mp4","atomic_clips\2025-09-20__TSC_vs_Greenwood\006__2025-09-20__TSC_vs_Greenwood__BUILD_UP_PLAY_SHOT__t41100.00-t42480.00.mp4","006__2025-09-20__TSC_vs_Greenwood__BUILD_UP_PLAY_SHOT__t41100.00-t42480.00","","","","","C:\Users\scott\soccer-video\out\games\2025-09-20__TSC_vs_Greenwood\MASTER.mp4","","","","42480","41100",""
"","003__2025-09-20__TSC_vs_Greenwood__BUILD_UP_PLAY_SHOT__t25260.00-t26460.00.mp4","C:\Users\scott\soccer-video\out\atomic_clips\2025-09-20__TSC_vs_Greenwood\003__2025-09-20__TSC_vs_Greenwood__BUILD_UP_PLAY_SHOT__t25260.00-t26460.00.mp4","atomic_clips\2025-09-20__TSC_vs_Greenwood\003__2025-09-20__TSC_vs_Greenwood__BUILD_UP_PLAY_SHOT__t25260.00-t26460.00.mp4","003__2025-09-20__TSC_vs_Greenwood__BUILD_UP_PLAY_SHOT__t25260.00-t26460.00","","","","","C:\Users\scott\soccer-video\out\games\2025-09-20__TSC_vs_Greenwood\MASTER.mp4","","","","26460","25260",""
"","001__2025-09-20__TSC_vs_Greenwood__BUILD_UP_PLAY_SHOT__t18900.00-t20340.00.mp4","C:\Users\scott\soccer-video\out\atomic_clips\2025-09-20__TSC_vs_Greenwood\001__2025-09-20__TSC_vs_Greenwood__BUILD_UP_PLAY_SHOT__t18900.00-t20340.00.mp4","atomic_clips\2025-09-20__TSC_vs_Greenwood\001__2025-09-20__TSC_vs_Greenwood__BUILD_UP_PLAY_SHOT__t18900.00-t20340.00.mp4","001__2025-09-20__TSC_vs_Greenwood__BUILD_UP_PLAY_SHOT__t18900.00-t20340.00","","","","","C:\Users\scott\soccer-video\out\games\2025-09-20__TSC_vs_Greenwood\MASTER.mp4","","","","20340","18900",""
"","039__2025-09-20__TSC_vs_Greenwood__BUILD_UP_PLAY_SHOT__t2894.00-t2914.00_portrait_POST.mp4","C:\Users\scott\soccer-video\out\atomic_clips\2025-09-20__TSC_vs_Greenwood\039__2025-09-20__TSC_vs_Greenwood__BUILD_UP_PLAY_SHOT__t2894.00-t2914.00_portrait_POST.mp4","atomic_clips\2025-09-20__TSC_vs_Greenwood\039__2025-09-20__TSC_vs_Greenwood__BUILD_UP_PLAY_SHOT__t2894.00-t2914.00_portrait_POST.mp4","039__2025-09-20__TSC_vs_Greenwood__BUILD_UP_PLAY_SHOT__t2894.00-t2914.00_portrait_POST","","","","","C:\Users\scott\soccer-video\out\games\2025-09-20__TSC_vs_Greenwood\MASTER.mp4","","","","2914","2894",""
"","032__2025-09-20__TSC_vs_Greenwood__BUILD_UP_PLAY_SHOT__t2544.00-t2561.00_portrait_POST.mp4","C:\Users\scott\soccer-video\out\atomic_clips\2025-09-20__TSC_vs_Greenwood\032__2025-09-20__TSC_vs_Greenwood__BUILD_UP_PLAY_SHOT__t2544.00-t2561.00_portrait_POST.mp4","atomic_clips\2025-09-20__TSC_vs_Greenwood\032__2025-09-20__TSC_vs_Greenwood__BUILD_UP_PLAY_SHOT__t2544.00-t2561.00_portrait_POST.mp4","032__2025-09-20__TSC_vs_Greenwood__BUILD_UP_PLAY_SHOT__t2544.00-t2561.00_portrait_POST","","","","","C:\Users\scott\soccer-video\out\games\2025-09-20__TSC_vs_Greenwood\MASTER.mp4","","","","2561","2544",""
"","031__2025-09-20__TSC_vs_Greenwood__BUILD_UP_PLAY_SHOT__t2245.00-t2266.00_portrait_POST.mp4","C:\Users\scott\soccer-video\out\atomic_clips\2025-09-20__TSC_vs_Greenwood\031__2025-09-20__TSC_vs_Greenwood__BUILD_UP_PLAY_SHOT__t2245.00-t2266.00_portrait_POST.mp4","atomic_clips\2025-09-20__TSC_vs_Greenwood\031__2025-09-20__TSC_vs_Greenwood__BUILD_UP_PLAY_SHOT__t2245.00-t2266.00_portrait_POST.mp4","031__2025-09-20__TSC_vs_Greenwood__BUILD_UP_PLAY_SHOT__t2245.00-t2266.00_portrait_POST","","","","","C:\Users\scott\soccer-video\out\games\2025-09-20__TSC_vs_Greenwood\MASTER.mp4","","","","2266","2245",""
"","029__2025-09-20__TSC_vs_Greenwood__BUILD_UP_PLAY_SHOT__t2134.00-t2152.00_portrait_POST.mp4","C:\Users\scott\soccer-video\out\atomic_clips\2025-09-20__TSC_vs_Greenwood\029__2025-09-20__TSC_vs_Greenwood__BUILD_UP_PLAY_SHOT__t2134.00-t2152.00_portrait_POST.mp4","atomic_clips\2025-09-20__TSC_vs_Greenwood\029__2025-09-20__TSC_vs_Greenwood__BUILD_UP_PLAY_SHOT__t2134.00-t2152.00_portrait_POST.mp4","029__2025-09-20__TSC_vs_Greenwood__BUILD_UP_PLAY_SHOT__t2134.00-t2152.00_portrait_POST","","","","","C:\Users\scott\soccer-video\out\games\2025-09-20__TSC_vs_Greenwood\MASTER.mp4","","","","2152","2134",""
"","028__2025-09-20__TSC_vs_Greenwood__BUILD_UP_PLAY_SHOT__t2092.00-t2105.00_portrait_POST.mp4","C:\Users\scott\soccer-video\out\atomic_clips\2025-09-20__TSC_vs_Greenwood\028__2025-09-20__TSC_vs_Greenwood__BUILD_UP_PLAY_SHOT__t2092.00-t2105.00_portrait_POST.mp4","atomic_clips\2025-09-20__TSC_vs_Greenwood\028__2025-09-20__TSC_vs_Greenwood__BUILD_UP_PLAY_SHOT__t2092.00-t2105.00_portrait_POST.mp4","028__2025-09-20__TSC_vs_Greenwood__BUILD_UP_PLAY_SHOT__t2092.00-t2105.00_portrait_POST","","","","","C:\Users\scott\soccer-video\out\games\2025-09-20__TSC_vs_Greenwood\MASTER.mp4","","","","2105","2092",""
"","027__2025-09-20__TSC_vs_Greenwood__BUILD_UP_PLAY_SHOT__t2040.00-t2058.00_portrait_POST.mp4","C:\Users\scott\soccer-video\out\atomic_clips\2025-09-20__TSC_vs_Greenwood\027__2025-09-20__TSC_vs_Greenwood__BUILD_UP_PLAY_SHOT__t2040.00-t2058.00_portrait_POST.mp4","atomic_clips\2025-09-20__TSC_vs_Greenwood\027__2025-09-20__TSC_vs_Greenwood__BUILD_UP_PLAY_SHOT__t2040.00-t2058.00_portrait_POST.mp4","027__2025-09-20__TSC_vs_Greenwood__BUILD_UP_PLAY_SHOT__t2040.00-t2058.00_portrait_POST","","","","","C:\Users\scott\soccer-video\out\games\2025-09-20__TSC_vs_Greenwood\MASTER.mp4","","","","2058","2040",""
"","023__2025-09-20__TSC_vs_Greenwood__BUILD_UP_PLAY_SHOT__t1711.00-t1722.00_portrait_POST.mp4","C:\Users\scott\soccer-video\out\atomic_clips\2025-09-20__TSC_vs_Greenwood\023__2025-09-20__TSC_vs_Greenwood__BUILD_UP_PLAY_SHOT__t1711.00-t1722.00_portrait_POST.mp4","atomic_clips\2025-09-20__TSC_vs_Greenwood\023__2025-09-20__TSC_vs_Greenwood__BUILD_UP_PLAY_SHOT__t1711.00-t1722.00_portrait_POST.mp4","023__2025-09-20__TSC_vs_Greenwood__BUILD_UP_PLAY_SHOT__t1711.00-t1722.00_portrait_POST","","","","","C:\Users\scott\soccer-video\out\games\2025-09-20__TSC_vs_Greenwood\MASTER.mp4","","","","1722","1711",""
"","021__2025-09-20__TSC_vs_Greenwood__BUILD_UP_PLAY_SHOT__t1437.00-t1472.00_portrait_POST.mp4","C:\Users\scott\soccer-video\out\atomic_clips\2025-09-20__TSC_vs_Greenwood\021__2025-09-20__TSC_vs_Greenwood__BUILD_UP_PLAY_SHOT__t1437.00-t1472.00_portrait_POST.mp4","atomic_clips\2025-09-20__TSC_vs_Greenwood\021__2025-09-20__TSC_vs_Greenwood__BUILD_UP_PLAY_SHOT__t1437.00-t1472.00_portrait_POST.mp4","021__2025-09-20__TSC_vs_Greenwood__BUILD_UP_PLAY_SHOT__t1437.00-t1472.00_portrait_POST","","","","","C:\Users\scott\soccer-video\out\games\2025-09-20__TSC_vs_Greenwood\MASTER.mp4","","","","1472","1437",""
"","016__2025-09-20__TSC_vs_Greenwood__BUILD_UP_PLAY_SHOT__t1195.00-t1209.00_portrait_POST.mp4","C:\Users\scott\soccer-video\out\atomic_clips\2025-09-20__TSC_vs_Greenwood\016__2025-09-20__TSC_vs_Greenwood__BUILD_UP_PLAY_SHOT__t1195.00-t1209.00_portrait_POST.mp4","atomic_clips\2025-09-20__TSC_vs_Greenwood\016__2025-09-20__TSC_vs_Greenwood__BUILD_UP_PLAY_SHOT__t1195.00-t1209.00_portrait_POST.mp4","016__2025-09-20__TSC_vs_Greenwood__BUILD_UP_PLAY_SHOT__t1195.00-t1209.00_portrait_POST","","","","","C:\Users\scott\soccer-video\out\games\2025-09-20__TSC_vs_Greenwood\MASTER.mp4","","","","1209","1195",""
"","006__2025-09-20__TSC_vs_Greenwood__BUILD_UP_PLAY_SHOT__t685.00-t708.00_portrait_POST.mp4","C:\Users\scott\soccer-video\out\atomic_clips\2025-09-20__TSC_vs_Greenwood\006__2025-09-20__TSC_vs_Greenwood__BUILD_UP_PLAY_SHOT__t685.00-t708.00_portrait_POST.mp4","atomic_clips\2025-09-20__TSC_vs_Greenwood\006__2025-09-20__TSC_vs_Greenwood__BUILD_UP_PLAY_SHOT__t685.00-t708.00_portrait_POST.mp4","006__2025-09-20__TSC_vs_Greenwood__BUILD_UP_PLAY_SHOT__t685.00-t708.00_portrait_POST","","","","","C:\Users\scott\soccer-video\out\games\2025-09-20__TSC_vs_Greenwood\MASTER.mp4","","","","708","685",""
"","003__2025-09-20__TSC_vs_Greenwood__BUILD_UP_PLAY_SHOT__t421.00-t441.00_portrait_POST.mp4","C:\Users\scott\soccer-video\out\atomic_clips\2025-09-20__TSC_vs_Greenwood\003__2025-09-20__TSC_vs_Greenwood__BUILD_UP_PLAY_SHOT__t421.00-t441.00_portrait_POST.mp4","atomic_clips\2025-09-20__TSC_vs_Greenwood\003__2025-09-20__TSC_vs_Greenwood__BUILD_UP_PLAY_SHOT__t421.00-t441.00_portrait_POST.mp4","003__2025-09-20__TSC_vs_Greenwood__BUILD_UP_PLAY_SHOT__t421.00-t441.00_portrait_POST","","","","","C:\Users\scott\soccer-video\out\games\2025-09-20__TSC_vs_Greenwood\MASTER.mp4","","","","441","421",""
"","011__2025-09-20__TSC_vs_Greenwood__GOAL__t54120.00-t54780.00.mp4","C:\Users\scott\soccer-video\out\atomic_clips\2025-09-20__TSC_vs_Greenwood\011__2025-09-20__TSC_vs_Greenwood__GOAL__t54120.00-t54780.00.mp4","atomic_clips\2025-09-20__TSC_vs_Greenwood\011__2025-09-20__TSC_vs_Greenwood__GOAL__t54120.00-t54780.00.mp4","011__2025-09-20__TSC_vs_Greenwood__GOAL__t54120.00-t54780.00","","","","","C:\Users\scott\soccer-video\out\games\2025-09-20__TSC_vs_Greenwood\MASTER.mp4","","","","54780","54120",""
"","002__2025-09-20__TSC_vs_Greenwood__GOAL__t20400.00-t21180.00.mp4","C:\Users\scott\soccer-video\out\atomic_clips\2025-09-20__TSC_vs_Greenwood\002__2025-09-20__TSC_vs_Greenwood__GOAL__t20400.00-t21180.00.mp4","atomic_clips\2025-09-20__TSC_vs_Greenwood\002__2025-09-20__TSC_vs_Greenwood__GOAL__t20400.00-t21180.00.mp4","002__2025-09-20__TSC_vs_Greenwood__GOAL__t20400.00-t21180.00","","","","","C:\Users\scott\soccer-video\out\games\2025-09-20__TSC_vs_Greenwood\MASTER.mp4","","","","21180","20400",""
"","033__2025-09-20__TSC_vs_Greenwood__GOAL__t2562.00-t2582.00_portrait_POST.mp4","C:\Users\scott\soccer-video\out\atomic_clips\2025-09-20__TSC_vs_Greenwood\033__2025-09-20__TSC_vs_Greenwood__GOAL__t2562.00-t2582.00_portrait_POST.mp4","atomic_clips\2025-09-20__TSC_vs_Greenwood\033__2025-09-20__TSC_vs_Greenwood__GOAL__t2562.00-t2582.00_portrait_POST.mp4","033__2025-09-20__TSC_vs_Greenwood__GOAL__t2562.00-t2582.00_portrait_POST","","","","","C:\Users\scott\soccer-video\out\games\2025-09-20__TSC_vs_Greenwood\MASTER.mp4","","","","2582","2562",""
"","025__2025-09-20__TSC_vs_Greenwood__GOAL__t1885.00-t1895.00_portrait_POST.mp4","C:\Users\scott\soccer-video\out\atomic_clips\2025-09-20__TSC_vs_Greenwood\025__2025-09-20__TSC_vs_Greenwood__GOAL__t1885.00-t1895.00_portrait_POST.mp4","atomic_clips\2025-09-20__TSC_vs_Greenwood\025__2025-09-20__TSC_vs_Greenwood__GOAL__t1885.00-t1895.00_portrait_POST.mp4","025__2025-09-20__TSC_vs_Greenwood__GOAL__t1885.00-t1895.00_portrait_POST","","","","","C:\Users\scott\soccer-video\out\games\2025-09-20__TSC_vs_Greenwood\MASTER.mp4","","","","1895","1885",""
"","022__2025-09-20__TSC_vs_Greenwood__GOAL__t1578.00-t1586.00_portrait_POST.mp4","C:\Users\scott\soccer-video\out\atomic_clips\2025-09-20__TSC_vs_Greenwood\022__2025-09-20__TSC_vs_Greenwood__GOAL__t1578.00-t1586.00_portrait_POST.mp4","atomic_clips\2025-09-20__TSC_vs_Greenwood\022__2025-09-20__TSC_vs_Greenwood__GOAL__t1578.00-t1586.00_portrait_POST.mp4","022__2025-09-20__TSC_vs_Greenwood__GOAL__t1578.00-t1586.00_portrait_POST","","","","","C:\Users\scott\soccer-video\out\games\2025-09-20__TSC_vs_Greenwood\MASTER.mp4","","","","1586","1578",""
"","011__2025-09-20__TSC_vs_Greenwood__GOAL__t902.00-t913.00_portrait_POST.mp4","C:\Users\scott\soccer-video\out\atomic_clips\2025-09-20__TSC_vs_Greenwood\011__2025-09-20__TSC_vs_Greenwood__GOAL__t902.00-t913.00_portrait_POST.mp4","atomic_clips\2025-09-20__TSC_vs_Greenwood\011__2025-09-20__TSC_vs_Greenwood__GOAL__t902.00-t913.00_portrait_POST.mp4","011__2025-09-20__TSC_vs_Greenwood__GOAL__t902.00-t913.00_portrait_POST","","","","","C:\Users\scott\soccer-video\out\games\2025-09-20__TSC_vs_Greenwood\MASTER.mp4","","","","913","902",""
"","004__2025-09-20__TSC_vs_Greenwood__PRESSURE_TWO_SHOTS__t26640.00-t27360.00.mp4","C:\Users\scott\soccer-video\out\atomic_clips\2025-09-20__TSC_vs_Greenwood\004__2025-09-20__TSC_vs_Greenwood__PRESSURE_TWO_SHOTS__t26640.00-t27360.00.mp4","atomic_clips\2025-09-20__TSC_vs_Greenwood\004__2025-09-20__TSC_vs_Greenwood__PRESSURE_TWO_SHOTS__t26640.00-t27360.00.mp4","004__2025-09-20__TSC_vs_Greenwood__PRESSURE_TWO_SHOTS__t26640.00-t27360.00","","","","","C:\Users\scott\soccer-video\out\games\2025-09-20__TSC_vs_Greenwood\MASTER.mp4","","","","27360","26640",""
"","004__2025-09-20__TSC_vs_Greenwood__PRESSURE_TWO_SHOTS__t444.00-t456.00_portrait_POST.mp4","C:\Users\scott\soccer-video\out\atomic_clips\2025-09-20__TSC_vs_Greenwood\004__2025-09-20__TSC_vs_Greenwood__PRESSURE_TWO_SHOTS__t444.00-t456.00_portrait_POST.mp4","atomic_clips\2025-09-20__TSC_vs_Greenwood\004__2025-09-20__TSC_vs_Greenwood__PRESSURE_TWO_SHOTS__t444.00-t456.00_portrait_POST.mp4","004__2025-09-20__TSC_vs_Greenwood__PRESSURE_TWO_SHOTS__t444.00-t456.00_portrait_POST","","","","","C:\Users\scott\soccer-video\out\games\2025-09-20__TSC_vs_Greenwood\MASTER.mp4","","","","456","444",""
"","005__2025-09-20__TSC_vs_Greenwood__WIN_FREE_KICK__t32280.00-t33180.00.mp4","C:\Users\scott\soccer-video\out\atomic_clips\2025-09-20__TSC_vs_Greenwood\005__2025-09-20__TSC_vs_Greenwood__WIN_FREE_KICK__t32280.00-t33180.00.mp4","atomic_clips\2025-09-20__TSC_vs_Greenwood\005__2025-09-20__TSC_vs_Greenwood__WIN_FREE_KICK__t32280.00-t33180.00.mp4","005__2025-09-20__TSC_vs_Greenwood__WIN_FREE_KICK__t32280.00-t33180.00","","","","","C:\Users\scott\soccer-video\out\games\2025-09-20__TSC_vs_Greenwood\MASTER.mp4","","","","33180","32280",""
"","005__2025-09-20__TSC_vs_Greenwood__WIN_FREE_KICK__t538.00-t553.00_portrait_POST.mp4","C:\Users\scott\soccer-video\out\atomic_clips\2025-09-20__TSC_vs_Greenwood\005__2025-09-20__TSC_vs_Greenwood__WIN_FREE_KICK__t538.00-t553.00_portrait_POST.mp4","atomic_clips\2025-09-20__TSC_vs_Greenwood\005__2025-09-20__TSC_vs_Greenwood__WIN_FREE_KICK__t538.00-t553.00_portrait_POST.mp4","005__2025-09-20__TSC_vs_Greenwood__WIN_FREE_KICK__t538.00-t553.00_portrait_POST","","","","","C:\Users\scott\soccer-video\out\games\2025-09-20__TSC_vs_Greenwood\MASTER.mp4","","","","553","538",""
"","007__2025-09-20__TSC_vs_Greenwood__DRIBBLING_SHOT__t44340.00-t45120.00.mp4","C:\Users\scott\soccer-video\out\atomic_clips\2025-09-20__TSC_vs_Greenwood\007__2025-09-20__TSC_vs_Greenwood__DRIBBLING_SHOT__t44340.00-t45120.00.mp4","atomic_clips\2025-09-20__TSC_vs_Greenwood\007__2025-09-20__TSC_vs_Greenwood__DRIBBLING_SHOT__t44340.00-t45120.00.mp4","007__2025-09-20__TSC_vs_Greenwood__DRIBBLING_SHOT__t44340.00-t45120.00","","","","","C:\Users\scott\soccer-video\out\games\2025-09-20__TSC_vs_Greenwood\MASTER.mp4","","","","45120","44340",""
"","007__2025-09-20__TSC_vs_Greenwood__DRIBBLING_SHOT__t739.00-t752.00_portrait_POST.mp4","C:\Users\scott\soccer-video\out\atomic_clips\2025-09-20__TSC_vs_Greenwood\007__2025-09-20__TSC_vs_Greenwood__DRIBBLING_SHOT__t739.00-t752.00_portrait_POST.mp4","atomic_clips\2025-09-20__TSC_vs_Greenwood\007__2025-09-20__TSC_vs_Greenwood__DRIBBLING_SHOT__t739.00-t752.00_portrait_POST.mp4","007__2025-09-20__TSC_vs_Greenwood__DRIBBLING_SHOT__t739.00-t752.00_portrait_POST","","","","","C:\Users\scott\soccer-video\out\games\2025-09-20__TSC_vs_Greenwood\MASTER.mp4","","","","752","739",""
"","038__2025-09-20__TSC_vs_Greenwood__PRESSURE_SHOT__t4010400.00-t4086000.00.mp4","C:\Users\scott\soccer-video\out\atomic_clips\2025-09-20__TSC_vs_Greenwood\038__2025-09-20__TSC_vs_Greenwood__PRESSURE_SHOT__t4010400.00-t4086000.00.mp4","atomic_clips\2025-09-20__TSC_vs_Greenwood\038__2025-09-20__TSC_vs_Greenwood__PRESSURE_SHOT__t4010400.00-t4086000.00.mp4","038__2025-09-20__TSC_vs_Greenwood__PRESSURE_SHOT__t4010400.00-t4086000.00","","","","","C:\Users\scott\soccer-video\out\games\2025-09-20__TSC_vs_Greenwood\MASTER.mp4","","","","4086000","4010400",""
"","036__2025-09-20__TSC_vs_Greenwood__PRESSURE_SHOT__t3906000.00-t3942000.00.mp4","C:\Users\scott\soccer-video\out\atomic_clips\2025-09-20__TSC_vs_Greenwood\036__2025-09-20__TSC_vs_Greenwood__PRESSURE_SHOT__t3906000.00-t3942000.00.mp4","atomic_clips\2025-09-20__TSC_vs_Greenwood\036__2025-09-20__TSC_vs_Greenwood__PRESSURE_SHOT__t3906000.00-t3942000.00.mp4","036__2025-09-20__TSC_vs_Greenwood__PRESSURE_SHOT__t3906000.00-t3942000.00","","","","","C:\Users\scott\soccer-video\out\games\2025-09-20__TSC_vs_Greenwood\MASTER.mp4","","","","3942000","3906000",""
"","024__2025-09-20__TSC_vs_Greenwood__PRESSURE_SHOT__t2718000.00-t2754000.00.mp4","C:\Users\scott\soccer-video\out\atomic_clips\2025-09-20__TSC_vs_Greenwood\024__2025-09-20__TSC_vs_Greenwood__PRESSURE_SHOT__t2718000.00-t2754000.00.mp4","atomic_clips\2025-09-20__TSC_vs_Greenwood\024__2025-09-20__TSC_vs_Greenwood__PRESSURE_SHOT__t2718000.00-t2754000.00.mp4","024__2025-09-20__TSC_vs_Greenwood__PRESSURE_SHOT__t2718000.00-t2754000.00","","","","","C:\Users\scott\soccer-video\out\games\2025-09-20__TSC_vs_Greenwood\MASTER.mp4","","","","2754000","2718000",""
"","020__2025-09-20__TSC_vs_Greenwood__PRESSURE_SHOT__t83580.00-t84540.00.mp4","C:\Users\scott\soccer-video\out\atomic_clips\2025-09-20__TSC_vs_Greenwood\020__2025-09-20__TSC_vs_Greenwood__PRESSURE_SHOT__t83580.00-t84540.00.mp4","atomic_clips\2025-09-20__TSC_vs_Greenwood\020__2025-09-20__TSC_vs_Greenwood__PRESSURE_SHOT__t83580.00-t84540.00.mp4","020__2025-09-20__TSC_vs_Greenwood__PRESSURE_SHOT__t83580.00-t84540.00","","","","","C:\Users\scott\soccer-video\out\games\2025-09-20__TSC_vs_Greenwood\MASTER.mp4","","","","84540","83580",""
"","019__2025-09-20__TSC_vs_Greenwood__PRESSURE_SHOT__t82140.00-t82980.00.mp4","C:\Users\scott\soccer-video\out\atomic_clips\2025-09-20__TSC_vs_Greenwood\019__2025-09-20__TSC_vs_Greenwood__PRESSURE_SHOT__t82140.00-t82980.00.mp4","atomic_clips\2025-09-20__TSC_vs_Greenwood\019__2025-09-20__TSC_vs_Greenwood__PRESSURE_SHOT__t82140.00-t82980.00.mp4","019__2025-09-20__TSC_vs_Greenwood__PRESSURE_SHOT__t82140.00-t82980.00","","","","","C:\Users\scott\soccer-video\out\games\2025-09-20__TSC_vs_Greenwood\MASTER.mp4","","","","82980","82140",""
"","017__2025-09-20__TSC_vs_Greenwood__PRESSURE_SHOT__t72720.00-t73440.00.mp4","C:\Users\scott\soccer-video\out\atomic_clips\2025-09-20__TSC_vs_Greenwood\017__2025-09-20__TSC_vs_Greenwood__PRESSURE_SHOT__t72720.00-t73440.00.mp4","atomic_clips\2025-09-20__TSC_vs_Greenwood\017__2025-09-20__TSC_vs_Greenwood__PRESSURE_SHOT__t72720.00-t73440.00.mp4","017__2025-09-20__TSC_vs_Greenwood__PRESSURE_SHOT__t72720.00-t73440.00","","","","","C:\Users\scott\soccer-video\out\games\2025-09-20__TSC_vs_Greenwood\MASTER.mp4","","","","73440","72720",""
"","014__2025-09-20__TSC_vs_Greenwood__PRESSURE_SHOT__t63780.00-t64380.00.mp4","C:\Users\scott\soccer-video\out\atomic_clips\2025-09-20__TSC_vs_Greenwood\014__2025-09-20__TSC_vs_Greenwood__PRESSURE_SHOT__t63780.00-t64380.00.mp4","atomic_clips\2025-09-20__TSC_vs_Greenwood\014__2025-09-20__TSC_vs_Greenwood__PRESSURE_SHOT__t63780.00-t64380.00.mp4","014__2025-09-20__TSC_vs_Greenwood__PRESSURE_SHOT__t63780.00-t64380.00","","","","","C:\Users\scott\soccer-video\out\games\2025-09-20__TSC_vs_Greenwood\MASTER.mp4","","","","64380","63780",""
"","013__2025-09-20__TSC_vs_Greenwood__PRESSURE_SHOT__t59280.00-t60060.00.mp4","C:\Users\scott\soccer-video\out\atomic_clips\2025-09-20__TSC_vs_Greenwood\013__2025-09-20__TSC_vs_Greenwood__PRESSURE_SHOT__t59280.00-t60060.00.mp4","atomic_clips\2025-09-20__TSC_vs_Greenwood\013__2025-09-20__TSC_vs_Greenwood__PRESSURE_SHOT__t59280.00-t60060.00.mp4","013__2025-09-20__TSC_vs_Greenwood__PRESSURE_SHOT__t59280.00-t60060.00","","","","","C:\Users\scott\soccer-video\out\games\2025-09-20__TSC_vs_Greenwood\MASTER.mp4","","","","60060","59280",""
"","009__2025-09-20__TSC_vs_Greenwood__PRESSURE_SHOT__t48120.00-t49080.00.mp4","C:\Users\scott\soccer-video\out\atomic_clips\2025-09-20__TSC_vs_Greenwood\009__2025-09-20__TSC_vs_Greenwood__PRESSURE_SHOT__t48120.00-t49080.00.mp4","atomic_clips\2025-09-20__TSC_vs_Greenwood\009__2025-09-20__TSC_vs_Greenwood__PRESSURE_SHOT__t48120.00-t49080.00.mp4","009__2025-09-20__TSC_vs_Greenwood__PRESSURE_SHOT__t48120.00-t49080.00","","","","","C:\Users\scott\soccer-video\out\games\2025-09-20__TSC_vs_Greenwood\MASTER.mp4","","","","49080","48120",""
"","008__2025-09-20__TSC_vs_Greenwood__PRESSURE_SHOT__t45240.00-t46980.00.mp4","C:\Users\scott\soccer-video\out\atomic_clips\2025-09-20__TSC_vs_Greenwood\008__2025-09-20__TSC_vs_Greenwood__PRESSURE_SHOT__t45240.00-t46980.00.mp4","atomic_clips\2025-09-20__TSC_vs_Greenwood\008__2025-09-20__TSC_vs_Greenwood__PRESSURE_SHOT__t45240.00-t46980.00.mp4","008__2025-09-20__TSC_vs_Greenwood__PRESSURE_SHOT__t45240.00-t46980.00","","","","","C:\Users\scott\soccer-video\out\games\2025-09-20__TSC_vs_Greenwood\MASTER.mp4","","","","46980","45240",""
"","038__2025-09-20__TSC_vs_Greenwood__PRESSURE_SHOT__t2770.00-t2827.00_portrait_POST.mp4","C:\Users\scott\soccer-video\out\atomic_clips\2025-09-20__TSC_vs_Greenwood\038__2025-09-20__TSC_vs_Greenwood__PRESSURE_SHOT__t2770.00-t2827.00_portrait_POST.mp4","atomic_clips\2025-09-20__TSC_vs_Greenwood\038__2025-09-20__TSC_vs_Greenwood__PRESSURE_SHOT__t2770.00-t2827.00_portrait_POST.mp4","038__2025-09-20__TSC_vs_Greenwood__PRESSURE_SHOT__t2770.00-t2827.00_portrait_POST","","","","","C:\Users\scott\soccer-video\out\games\2025-09-20__TSC_vs_Greenwood\MASTER.mp4","","","","2827","2770",""
"","036__2025-09-20__TSC_vs_Greenwood__PRESSURE_SHOT__t2705.00-t2715.00_portrait_POST.mp4","C:\Users\scott\soccer-video\out\atomic_clips\2025-09-20__TSC_vs_Greenwood\036__2025-09-20__TSC_vs_Greenwood__PRESSURE_SHOT__t2705.00-t2715.00_portrait_POST.mp4","atomic_clips\2025-09-20__TSC_vs_Greenwood\036__2025-09-20__TSC_vs_Greenwood__PRESSURE_SHOT__t2705.00-t2715.00_portrait_POST.mp4","036__2025-09-20__TSC_vs_Greenwood__PRESSURE_SHOT__t2705.00-t2715.00_portrait_POST","","","","","C:\Users\scott\soccer-video\out\games\2025-09-20__TSC_vs_Greenwood\MASTER.mp4","","","","2715","2705",""
"","034__2025-09-20__TSC_vs_Greenwood__PRESSURE_SHOT__t2646.00-t2665.00_portrait_POST.mp4","C:\Users\scott\soccer-video\out\atomic_clips\2025-09-20__TSC_vs_Greenwood\034__2025-09-20__TSC_vs_Greenwood__PRESSURE_SHOT__t2646.00-t2665.00_portrait_POST.mp4","atomic_clips\2025-09-20__TSC_vs_Greenwood\034__2025-09-20__TSC_vs_Greenwood__PRESSURE_SHOT__t2646.00-t2665.00_portrait_POST.mp4","034__2025-09-20__TSC_vs_Greenwood__PRESSURE_SHOT__t2646.00-t2665.00_portrait_POST","","","","","C:\Users\scott\soccer-video\out\games\2025-09-20__TSC_vs_Greenwood\MASTER.mp4","","","","2665","2646",""
"","026__2025-09-20__TSC_vs_Greenwood__PRESSURE_SHOT__t1951.00-t1962.00_portrait_POST.mp4","C:\Users\scott\soccer-video\out\atomic_clips\2025-09-20__TSC_vs_Greenwood\026__2025-09-20__TSC_vs_Greenwood__PRESSURE_SHOT__t1951.00-t1962.00_portrait_POST.mp4","atomic_clips\2025-09-20__TSC_vs_Greenwood\026__2025-09-20__TSC_vs_Greenwood__PRESSURE_SHOT__t1951.00-t1962.00_portrait_POST.mp4","026__2025-09-20__TSC_vs_Greenwood__PRESSURE_SHOT__t1951.00-t1962.00_portrait_POST","","","","","C:\Users\scott\soccer-video\out\games\2025-09-20__TSC_vs_Greenwood\MASTER.mp4","","","","1962","1951",""
"","024__2025-09-20__TSC_vs_Greenwood__PRESSURE_SHOT__t1871.00-t1881.00_portrait_POST.mp4","C:\Users\scott\soccer-video\out\atomic_clips\2025-09-20__TSC_vs_Greenwood\024__2025-09-20__TSC_vs_Greenwood__PRESSURE_SHOT__t1871.00-t1881.00_portrait_POST.mp4","atomic_clips\2025-09-20__TSC_vs_Greenwood\024__2025-09-20__TSC_vs_Greenwood__PRESSURE_SHOT__t1871.00-t1881.00_portrait_POST.mp4","024__2025-09-20__TSC_vs_Greenwood__PRESSURE_SHOT__t1871.00-t1881.00_portrait_POST","","","","","C:\Users\scott\soccer-video\out\games\2025-09-20__TSC_vs_Greenwood\MASTER.mp4","","","","1881","1871",""
"","020__2025-09-20__TSC_vs_Greenwood__PRESSURE_SHOT__t1393.00-t1409.00_portrait_POST.mp4","C:\Users\scott\soccer-video\out\atomic_clips\2025-09-20__TSC_vs_Greenwood\020__2025-09-20__TSC_vs_Greenwood__PRESSURE_SHOT__t1393.00-t1409.00_portrait_POST.mp4","atomic_clips\2025-09-20__TSC_vs_Greenwood\020__2025-09-20__TSC_vs_Greenwood__PRESSURE_SHOT__t1393.00-t1409.00_portrait_POST.mp4","020__2025-09-20__TSC_vs_Greenwood__PRESSURE_SHOT__t1393.00-t1409.00_portrait_POST","","","","","C:\Users\scott\soccer-video\out\games\2025-09-20__TSC_vs_Greenwood\MASTER.mp4","","","","1409","1393",""
"","019__2025-09-20__TSC_vs_Greenwood__PRESSURE_SHOT__t1369.00-t1383.00_portrait_POST.mp4","C:\Users\scott\soccer-video\out\atomic_clips\2025-09-20__TSC_vs_Greenwood\019__2025-09-20__TSC_vs_Greenwood__PRESSURE_SHOT__t1369.00-t1383.00_portrait_POST.mp4","atomic_clips\2025-09-20__TSC_vs_Greenwood\019__2025-09-20__TSC_vs_Greenwood__PRESSURE_SHOT__t1369.00-t1383.00_portrait_POST.mp4","019__2025-09-20__TSC_vs_Greenwood__PRESSURE_SHOT__t1369.00-t1383.00_portrait_POST","","","","","C:\Users\scott\soccer-video\out\games\2025-09-20__TSC_vs_Greenwood\MASTER.mp4","","","","1383","1369",""
"","017__2025-09-20__TSC_vs_Greenwood__PRESSURE_SHOT__t1212.00-t1224.00_portrait_POST.mp4","C:\Users\scott\soccer-video\out\atomic_clips\2025-09-20__TSC_vs_Greenwood\017__2025-09-20__TSC_vs_Greenwood__PRESSURE_SHOT__t1212.00-t1224.00_portrait_POST.mp4","atomic_clips\2025-09-20__TSC_vs_Greenwood\017__2025-09-20__TSC_vs_Greenwood__PRESSURE_SHOT__t1212.00-t1224.00_portrait_POST.mp4","017__2025-09-20__TSC_vs_Greenwood__PRESSURE_SHOT__t1212.00-t1224.00_portrait_POST","","","","","C:\Users\scott\soccer-video\out\games\2025-09-20__TSC_vs_Greenwood\MASTER.mp4","","","","1224","1212",""
"","014__2025-09-20__TSC_vs_Greenwood__PRESSURE_SHOT__t1063.00-t1073.00_portrait_POST.mp4","C:\Users\scott\soccer-video\out\atomic_clips\2025-09-20__TSC_vs_Greenwood\014__2025-09-20__TSC_vs_Greenwood__PRESSURE_SHOT__t1063.00-t1073.00_portrait_POST.mp4","atomic_clips\2025-09-20__TSC_vs_Greenwood\014__2025-09-20__TSC_vs_Greenwood__PRESSURE_SHOT__t1063.00-t1073.00_portrait_POST.mp4","014__2025-09-20__TSC_vs_Greenwood__PRESSURE_SHOT__t1063.00-t1073.00_portrait_POST","","","","","C:\Users\scott\soccer-video\out\games\2025-09-20__TSC_vs_Greenwood\MASTER.mp4","","","","1073","1063",""
"","013__2025-09-20__TSC_vs_Greenwood__PRESSURE_SHOT__t988.00-t1001.00_portrait_POST.mp4","C:\Users\scott\soccer-video\out\atomic_clips\2025-09-20__TSC_vs_Greenwood\013__2025-09-20__TSC_vs_Greenwood__PRESSURE_SHOT__t988.00-t1001.00_portrait_POST.mp4","atomic_clips\2025-09-20__TSC_vs_Greenwood\013__2025-09-20__TSC_vs_Greenwood__PRESSURE_SHOT__t988.00-t1001.00_portrait_POST.mp4","013__2025-09-20__TSC_vs_Greenwood__PRESSURE_SHOT__t988.00-t1001.00_portrait_POST","","","","","C:\Users\scott\soccer-video\out\games\2025-09-20__TSC_vs_Greenwood\MASTER.mp4","","","","1001","988",""
"","009__2025-09-20__TSC_vs_Greenwood__PRESSURE_SHOT__t802.00-t818.00_portrait_POST.mp4","C:\Users\scott\soccer-video\out\atomic_clips\2025-09-20__TSC_vs_Greenwood\009__2025-09-20__TSC_vs_Greenwood__PRESSURE_SHOT__t802.00-t818.00_portrait_POST.mp4","atomic_clips\2025-09-20__TSC_vs_Greenwood\009__2025-09-20__TSC_vs_Greenwood__PRESSURE_SHOT__t802.00-t818.00_portrait_POST.mp4","009__2025-09-20__TSC_vs_Greenwood__PRESSURE_SHOT__t802.00-t818.00_portrait_POST","","","","","C:\Users\scott\soccer-video\out\games\2025-09-20__TSC_vs_Greenwood\MASTER.mp4","","","","818","802",""
"","008__2025-09-20__TSC_vs_Greenwood__PRESSURE_SHOT__t754.00-t783.00_portrait_POST.mp4","C:\Users\scott\soccer-video\out\atomic_clips\2025-09-20__TSC_vs_Greenwood\008__2025-09-20__TSC_vs_Greenwood__PRESSURE_SHOT__t754.00-t783.00_portrait_POST.mp4","atomic_clips\2025-09-20__TSC_vs_Greenwood\008__2025-09-20__TSC_vs_Greenwood__PRESSURE_SHOT__t754.00-t783.00_portrait_POST.mp4","008__2025-09-20__TSC_vs_Greenwood__PRESSURE_SHOT__t754.00-t783.00_portrait_POST","","","","","C:\Users\scott\soccer-video\out\games\2025-09-20__TSC_vs_Greenwood\MASTER.mp4","","","","783","754",""
"","010__2025-09-20__TSC_vs_Greenwood__DEFENSE_BUILD_UP__t49260.00-t50880.00.mp4","C:\Users\scott\soccer-video\out\atomic_clips\2025-09-20__TSC_vs_Greenwood\010__2025-09-20__TSC_vs_Greenwood__DEFENSE_BUILD_UP__t49260.00-t50880.00.mp4","atomic_clips\2025-09-20__TSC_vs_Greenwood\010__2025-09-20__TSC_vs_Greenwood__DEFENSE_BUILD_UP__t49260.00-t50880.00.mp4","010__2025-09-20__TSC_vs_Greenwood__DEFENSE_BUILD_UP__t49260.00-t50880.00","","","","","C:\Users\scott\soccer-video\out\games\2025-09-20__TSC_vs_Greenwood\MASTER.mp4","","","","50880","49260",""
"","010__2025-09-20__TSC_vs_Greenwood__DEFENSE_BUILD_UP__t821.00-t848.00_portrait_POST.mp4","C:\Users\scott\soccer-video\out\atomic_clips\2025-09-20__TSC_vs_Greenwood\010__2025-09-20__TSC_vs_Greenwood__DEFENSE_BUILD_UP__t821.00-t848.00_portrait_POST.mp4","atomic_clips\2025-09-20__TSC_vs_Greenwood\010__2025-09-20__TSC_vs_Greenwood__DEFENSE_BUILD_UP__t821.00-t848.00_portrait_POST.mp4","010__2025-09-20__TSC_vs_Greenwood__DEFENSE_BUILD_UP__t821.00-t848.00_portrait_POST","","","","","C:\Users\scott\soccer-video\out\games\2025-09-20__TSC_vs_Greenwood\MASTER.mp4","","","","848","821",""
"","012__2025-09-20__TSC_vs_Greenwood__BUILD_SHOT__t58380.00-t59220.00.mp4","C:\Users\scott\soccer-video\out\atomic_clips\2025-09-20__TSC_vs_Greenwood\012__2025-09-20__TSC_vs_Greenwood__BUILD_SHOT__t58380.00-t59220.00.mp4","atomic_clips\2025-09-20__TSC_vs_Greenwood\012__2025-09-20__TSC_vs_Greenwood__BUILD_SHOT__t58380.00-t59220.00.mp4","012__2025-09-20__TSC_vs_Greenwood__BUILD_SHOT__t58380.00-t59220.00","","","","","C:\Users\scott\soccer-video\out\games\2025-09-20__TSC_vs_Greenwood\MASTER.mp4","","","","59220","58380",""
"","012__2025-09-20__TSC_vs_Greenwood__BUILD_SHOT__t973.00-t987.00_portrait_POST.mp4","C:\Users\scott\soccer-video\out\atomic_clips\2025-09-20__TSC_vs_Greenwood\012__2025-09-20__TSC_vs_Greenwood__BUILD_SHOT__t973.00-t987.00_portrait_POST.mp4","atomic_clips\2025-09-20__TSC_vs_Greenwood\012__2025-09-20__TSC_vs_Greenwood__BUILD_SHOT__t973.00-t987.00_portrait_POST.mp4","012__2025-09-20__TSC_vs_Greenwood__BUILD_SHOT__t973.00-t987.00_portrait_POST","","","","","C:\Users\scott\soccer-video\out\games\2025-09-20__TSC_vs_Greenwood\MASTER.mp4","","","","987","973",""
"","015__2025-09-20__TSC_vs_Greenwood__SHOT__t64860.00-t65280.00.mp4","C:\Users\scott\soccer-video\out\atomic_clips\2025-09-20__TSC_vs_Greenwood\015__2025-09-20__TSC_vs_Greenwood__SHOT__t64860.00-t65280.00.mp4","atomic_clips\2025-09-20__TSC_vs_Greenwood\015__2025-09-20__TSC_vs_Greenwood__SHOT__t64860.00-t65280.00.mp4","015__2025-09-20__TSC_vs_Greenwood__SHOT__t64860.00-t65280.00","","","","","C:\Users\scott\soccer-video\out\games\2025-09-20__TSC_vs_Greenwood\MASTER.mp4","","","","65280","64860",""
"","015__2025-09-20__TSC_vs_Greenwood__SHOT__t1081.00-t1088.00_portrait_POST.mp4","C:\Users\scott\soccer-video\out\atomic_clips\2025-09-20__TSC_vs_Greenwood\015__2025-09-20__TSC_vs_Greenwood__SHOT__t1081.00-t1088.00_portrait_POST.mp4","atomic_clips\2025-09-20__TSC_vs_Greenwood\015__2025-09-20__TSC_vs_Greenwood__SHOT__t1081.00-t1088.00_portrait_POST.mp4","015__2025-09-20__TSC_vs_Greenwood__SHOT__t1081.00-t1088.00_portrait_POST","","","","","C:\Users\scott\soccer-video\out\games\2025-09-20__TSC_vs_Greenwood\MASTER.mp4","","","","1088","1081",""
"","018__2025-09-20__TSC_vs_Greenwood__BUILD_UP_PLAY_GOAL__t77520.00-t79740.00.mp4","C:\Users\scott\soccer-video\out\atomic_clips\2025-09-20__TSC_vs_Greenwood\018__2025-09-20__TSC_vs_Greenwood__BUILD_UP_PLAY_GOAL__t77520.00-t79740.00.mp4","atomic_clips\2025-09-20__TSC_vs_Greenwood\018__2025-09-20__TSC_vs_Greenwood__BUILD_UP_PLAY_GOAL__t77520.00-t79740.00.mp4","018__2025-09-20__TSC_vs_Greenwood__BUILD_UP_PLAY_GOAL__t77520.00-t79740.00","","","","","C:\Users\scott\soccer-video\out\games\2025-09-20__TSC_vs_Greenwood\MASTER.mp4","","","","79740","77520",""
"","018__2025-09-20__TSC_vs_Greenwood__BUILD_UP_PLAY_GOAL__t1292.00-t1329.00_portrait_POST.mp4","C:\Users\scott\soccer-video\out\atomic_clips\2025-09-20__TSC_vs_Greenwood\018__2025-09-20__TSC_vs_Greenwood__BUILD_UP_PLAY_GOAL__t1292.00-t1329.00_portrait_POST.mp4","atomic_clips\2025-09-20__TSC_vs_Greenwood\018__2025-09-20__TSC_vs_Greenwood__BUILD_UP_PLAY_GOAL__t1292.00-t1329.00_portrait_POST.mp4","018__2025-09-20__TSC_vs_Greenwood__BUILD_UP_PLAY_GOAL__t1292.00-t1329.00_portrait_POST","","","","","C:\Users\scott\soccer-video\out\games\2025-09-20__TSC_vs_Greenwood\MASTER.mp4","","","","1329","1292",""
"","030__2025-09-20__TSC_vs_Greenwood__FREE_KICK_WON_GOAL__t2175.00-t2211.00_portrait_POST.mp4","C:\Users\scott\soccer-video\out\atomic_clips\2025-09-20__TSC_vs_Greenwood\030__2025-09-20__TSC_vs_Greenwood__FREE_KICK_WON_GOAL__t2175.00-t2211.00_portrait_POST.mp4","atomic_clips\2025-09-20__TSC_vs_Greenwood\030__2025-09-20__TSC_vs_Greenwood__FREE_KICK_WON_GOAL__t2175.00-t2211.00_portrait_POST.mp4","030__2025-09-20__TSC_vs_Greenwood__FREE_KICK_WON_GOAL__t2175.00-t2211.00_portrait_POST","","","","","C:\Users\scott\soccer-video\out\games\2025-09-20__TSC_vs_Greenwood\MASTER.mp4","","","","2211","2175",""
"","035__2025-09-20__TSC_vs_Greenwood__CORNER__t2687.00-t2701.00_portrait_POST.mp4","C:\Users\scott\soccer-video\out\atomic_clips\2025-09-20__TSC_vs_Greenwood\035__2025-09-20__TSC_vs_Greenwood__CORNER__t2687.00-t2701.00_portrait_POST.mp4","atomic_clips\2025-09-20__TSC_vs_Greenwood\035__2025-09-20__TSC_vs_Greenwood__CORNER__t2687.00-t2701.00_portrait_POST.mp4","035__2025-09-20__TSC_vs_Greenwood__CORNER__t2687.00-t2701.00_portrait_POST","","","","","C:\Users\scott\soccer-video\out\games\2025-09-20__TSC_vs_Greenwood\MASTER.mp4","","","","2701","2687",""
"","037__2025-09-20__TSC_vs_Greenwood__PRESSURE_GOAL__t2729.00-t2749.00_portrait_POST.mp4","C:\Users\scott\soccer-video\out\atomic_clips\2025-09-20__TSC_vs_Greenwood\037__2025-09-20__TSC_vs_Greenwood__PRESSURE_GOAL__t2729.00-t2749.00_portrait_POST.mp4","atomic_clips\2025-09-20__TSC_vs_Greenwood\037__2025-09-20__TSC_vs_Greenwood__PRESSURE_GOAL__t2729.00-t2749.00_portrait_POST.mp4","037__2025-09-20__TSC_vs_Greenwood__PRESSURE_GOAL__t2729.00-t2749.00_portrait_POST","","","","","C:\Users\scott\soccer-video\out\games\2025-09-20__TSC_vs_Greenwood\MASTER.mp4","","","","2749","2729",""
"","020__2025-09-20__TSC_vs_RVFC__SHOT__t74160.00-t74580.00.mp4","C:\Users\scott\soccer-video\out\atomic_clips\2025-09-20__TSC_vs_RVFC\020__2025-09-20__TSC_vs_RVFC__SHOT__t74160.00-t74580.00.mp4","atomic_clips\2025-09-20__TSC_vs_RVFC\020__2025-09-20__TSC_vs_RVFC__SHOT__t74160.00-t74580.00.mp4","020__2025-09-20__TSC_vs_RVFC__SHOT__t74160.00-t74580.00","","","","","C:\Users\scott\soccer-video\out\games\2025-09-20__TSC_vs_RVFC\MASTER.mp4","","","","74580","74160",""
"","015__2025-09-20__TSC_vs_RVFC__SHOT__t55800.00-t56220.00.mp4","C:\Users\scott\soccer-video\out\atomic_clips\2025-09-20__TSC_vs_RVFC\015__2025-09-20__TSC_vs_RVFC__SHOT__t55800.00-t56220.00.mp4","atomic_clips\2025-09-20__TSC_vs_RVFC\015__2025-09-20__TSC_vs_RVFC__SHOT__t55800.00-t56220.00.mp4","015__2025-09-20__TSC_vs_RVFC__SHOT__t55800.00-t56220.00","","","","","C:\Users\scott\soccer-video\out\games\2025-09-20__TSC_vs_RVFC\MASTER.mp4","","","","56220","55800",""
"","006__2025-09-20__TSC_vs_RVFC__SHOT__t31020.00-t31680.00.mp4","C:\Users\scott\soccer-video\out\atomic_clips\2025-09-20__TSC_vs_RVFC\006__2025-09-20__TSC_vs_RVFC__SHOT__t31020.00-t31680.00.mp4","atomic_clips\2025-09-20__TSC_vs_RVFC\006__2025-09-20__TSC_vs_RVFC__SHOT__t31020.00-t31680.00.mp4","006__2025-09-20__TSC_vs_RVFC__SHOT__t31020.00-t31680.00","","","","","C:\Users\scott\soccer-video\out\games\2025-09-20__TSC_vs_RVFC\MASTER.mp4","","","","31680","31020",""
"","001__2025-09-20__TSC_vs_RVFC__SHOT__t7320.00-t7860.00.mp4","C:\Users\scott\soccer-video\out\atomic_clips\2025-09-20__TSC_vs_RVFC\001__2025-09-20__TSC_vs_RVFC__SHOT__t7320.00-t7860.00.mp4","atomic_clips\2025-09-20__TSC_vs_RVFC\001__2025-09-20__TSC_vs_RVFC__SHOT__t7320.00-t7860.00.mp4","001__2025-09-20__TSC_vs_RVFC__SHOT__t7320.00-t7860.00","","","","","C:\Users\scott\soccer-video\out\games\2025-09-20__TSC_vs_RVFC\MASTER.mp4","","","","7860","7320",""
"","027__2025-09-20__TSC_vs_RVFC__SHOT__t1827.00-t1834.00_portrait_POST.mp4","C:\Users\scott\soccer-video\out\atomic_clips\2025-09-20__TSC_vs_RVFC\027__2025-09-20__TSC_vs_RVFC__SHOT__t1827.00-t1834.00_portrait_POST.mp4","atomic_clips\2025-09-20__TSC_vs_RVFC\027__2025-09-20__TSC_vs_RVFC__SHOT__t1827.00-t1834.00_portrait_POST.mp4","027__2025-09-20__TSC_vs_RVFC__SHOT__t1827.00-t1834.00_portrait_POST","","","","","C:\Users\scott\soccer-video\out\games\2025-09-20__TSC_vs_RVFC\MASTER.mp4","","","","1834","1827",""
"","020__2025-09-20__TSC_vs_RVFC__SHOT__t1236.00-t1243.00_portrait_POST.mp4","C:\Users\scott\soccer-video\out\atomic_clips\2025-09-20__TSC_vs_RVFC\020__2025-09-20__TSC_vs_RVFC__SHOT__t1236.00-t1243.00_portrait_POST.mp4","atomic_clips\2025-09-20__TSC_vs_RVFC\020__2025-09-20__TSC_vs_RVFC__SHOT__t1236.00-t1243.00_portrait_POST.mp4","020__2025-09-20__TSC_vs_RVFC__SHOT__t1236.00-t1243.00_portrait_POST","","","","","C:\Users\scott\soccer-video\out\games\2025-09-20__TSC_vs_RVFC\MASTER.mp4","","","","1243","1236",""
"","015__2025-09-20__TSC_vs_RVFC__SHOT__t930.00-t937.00_portrait_POST.mp4","C:\Users\scott\soccer-video\out\atomic_clips\2025-09-20__TSC_vs_RVFC\015__2025-09-20__TSC_vs_RVFC__SHOT__t930.00-t937.00_portrait_POST.mp4","atomic_clips\2025-09-20__TSC_vs_RVFC\015__2025-09-20__TSC_vs_RVFC__SHOT__t930.00-t937.00_portrait_POST.mp4","015__2025-09-20__TSC_vs_RVFC__SHOT__t930.00-t937.00_portrait_POST","","","","","C:\Users\scott\soccer-video\out\games\2025-09-20__TSC_vs_RVFC\MASTER.mp4","","","","937","930",""
"","006__2025-09-20__TSC_vs_RVFC__SHOT__t517.00-t528.00_portrait_POST.mp4","C:\Users\scott\soccer-video\out\atomic_clips\2025-09-20__TSC_vs_RVFC\006__2025-09-20__TSC_vs_RVFC__SHOT__t517.00-t528.00_portrait_POST.mp4","atomic_clips\2025-09-20__TSC_vs_RVFC\006__2025-09-20__TSC_vs_RVFC__SHOT__t517.00-t528.00_portrait_POST.mp4","006__2025-09-20__TSC_vs_RVFC__SHOT__t517.00-t528.00_portrait_POST","","","","","C:\Users\scott\soccer-video\out\games\2025-09-20__TSC_vs_RVFC\MASTER.mp4","","","","528","517",""
"","023__2025-09-20__TSC_vs_RVFC__PRESSURE_SHOT__t78960.00-t79740.00.mp4","C:\Users\scott\soccer-video\out\atomic_clips\2025-09-20__TSC_vs_RVFC\023__2025-09-20__TSC_vs_RVFC__PRESSURE_SHOT__t78960.00-t79740.00.mp4","atomic_clips\2025-09-20__TSC_vs_RVFC\023__2025-09-20__TSC_vs_RVFC__PRESSURE_SHOT__t78960.00-t79740.00.mp4","023__2025-09-20__TSC_vs_RVFC__PRESSURE_SHOT__t78960.00-t79740.00","","","","","C:\Users\scott\soccer-video\out\games\2025-09-20__TSC_vs_RVFC\MASTER.mp4","","","","79740","78960",""
"","022__2025-09-20__TSC_vs_RVFC__PRESSURE_SHOT__t78000.00-t78600.00.mp4","C:\Users\scott\soccer-video\out\atomic_clips\2025-09-20__TSC_vs_RVFC\022__2025-09-20__TSC_vs_RVFC__PRESSURE_SHOT__t78000.00-t78600.00.mp4","atomic_clips\2025-09-20__TSC_vs_RVFC\022__2025-09-20__TSC_vs_RVFC__PRESSURE_SHOT__t78000.00-t78600.00.mp4","022__2025-09-20__TSC_vs_RVFC__PRESSURE_SHOT__t78000.00-t78600.00","","","","","C:\Users\scott\soccer-video\out\games\2025-09-20__TSC_vs_RVFC\MASTER.mp4","","","","78600","78000",""
"","011__2025-09-20__TSC_vs_RVFC__PRESSURE_SHOT__t41340.00-t42120.00.mp4","C:\Users\scott\soccer-video\out\atomic_clips\2025-09-20__TSC_vs_RVFC\011__2025-09-20__TSC_vs_RVFC__PRESSURE_SHOT__t41340.00-t42120.00.mp4","atomic_clips\2025-09-20__TSC_vs_RVFC\011__2025-09-20__TSC_vs_RVFC__PRESSURE_SHOT__t41340.00-t42120.00.mp4","011__2025-09-20__TSC_vs_RVFC__PRESSURE_SHOT__t41340.00-t42120.00","","","","","C:\Users\scott\soccer-video\out\games\2025-09-20__TSC_vs_RVFC\MASTER.mp4","","","","42120","41340",""
"","010__2025-09-20__TSC_vs_RVFC__PRESSURE_SHOT__t40500.00-t41340.00.mp4","C:\Users\scott\soccer-video\out\atomic_clips\2025-09-20__TSC_vs_RVFC\010__2025-09-20__TSC_vs_RVFC__PRESSURE_SHOT__t40500.00-t41340.00.mp4","atomic_clips\2025-09-20__TSC_vs_RVFC\010__2025-09-20__TSC_vs_RVFC__PRESSURE_SHOT__t40500.00-t41340.00.mp4","010__2025-09-20__TSC_vs_RVFC__PRESSURE_SHOT__t40500.00-t41340.00","","","","","C:\Users\scott\soccer-video\out\games\2025-09-20__TSC_vs_RVFC\MASTER.mp4","","","","41340","40500",""
"","009__2025-09-20__TSC_vs_RVFC__PRESSURE_SHOT__t36240.00-t37200.00.mp4","C:\Users\scott\soccer-video\out\atomic_clips\2025-09-20__TSC_vs_RVFC\009__2025-09-20__TSC_vs_RVFC__PRESSURE_SHOT__t36240.00-t37200.00.mp4","atomic_clips\2025-09-20__TSC_vs_RVFC\009__2025-09-20__TSC_vs_RVFC__PRESSURE_SHOT__t36240.00-t37200.00.mp4","009__2025-09-20__TSC_vs_RVFC__PRESSURE_SHOT__t36240.00-t37200.00","","","","","C:\Users\scott\soccer-video\out\games\2025-09-20__TSC_vs_RVFC\MASTER.mp4","","","","37200","36240",""
"","003__2025-09-20__TSC_vs_RVFC__PRESSURE_SHOT__t15480.00-t16260.00.mp4","C:\Users\scott\soccer-video\out\atomic_clips\2025-09-20__TSC_vs_RVFC\003__2025-09-20__TSC_vs_RVFC__PRESSURE_SHOT__t15480.00-t16260.00.mp4","atomic_clips\2025-09-20__TSC_vs_RVFC\003__2025-09-20__TSC_vs_RVFC__PRESSURE_SHOT__t15480.00-t16260.00.mp4","003__2025-09-20__TSC_vs_RVFC__PRESSURE_SHOT__t15480.00-t16260.00","","","","","C:\Users\scott\soccer-video\out\games\2025-09-20__TSC_vs_RVFC\MASTER.mp4","","","","16260","15480",""
"","002__2025-09-20__TSC_vs_RVFC__PRESSURE_SHOT__t7920.00-t8880.00.mp4","C:\Users\scott\soccer-video\out\atomic_clips\2025-09-20__TSC_vs_RVFC\002__2025-09-20__TSC_vs_RVFC__PRESSURE_SHOT__t7920.00-t8880.00.mp4","atomic_clips\2025-09-20__TSC_vs_RVFC\002__2025-09-20__TSC_vs_RVFC__PRESSURE_SHOT__t7920.00-t8880.00.mp4","002__2025-09-20__TSC_vs_RVFC__PRESSURE_SHOT__t7920.00-t8880.00","","","","","C:\Users\scott\soccer-video\out\games\2025-09-20__TSC_vs_RVFC\MASTER.mp4","","","","8880","7920",""
"","037__2025-09-20__TSC_vs_RVFC__PRESSURE_SHOT__t2388.00-t2397.00_portrait_POST.mp4","C:\Users\scott\soccer-video\out\atomic_clips\2025-09-20__TSC_vs_RVFC\037__2025-09-20__TSC_vs_RVFC__PRESSURE_SHOT__t2388.00-t2397.00_portrait_POST.mp4","atomic_clips\2025-09-20__TSC_vs_RVFC\037__2025-09-20__TSC_vs_RVFC__PRESSURE_SHOT__t2388.00-t2397.00_portrait_POST.mp4","037__2025-09-20__TSC_vs_RVFC__PRESSURE_SHOT__t2388.00-t2397.00_portrait_POST","","","","","C:\Users\scott\soccer-video\out\games\2025-09-20__TSC_vs_RVFC\MASTER.mp4","","","","2397","2388",""
"","031__2025-09-20__TSC_vs_RVFC__PRESSURE_SHOT__t1964.00-t1975.00_portrait_POST.mp4","C:\Users\scott\soccer-video\out\atomic_clips\2025-09-20__TSC_vs_RVFC\031__2025-09-20__TSC_vs_RVFC__PRESSURE_SHOT__t1964.00-t1975.00_portrait_POST.mp4","atomic_clips\2025-09-20__TSC_vs_RVFC\031__2025-09-20__TSC_vs_RVFC__PRESSURE_SHOT__t1964.00-t1975.00_portrait_POST.mp4","031__2025-09-20__TSC_vs_RVFC__PRESSURE_SHOT__t1964.00-t1975.00_portrait_POST","","","","","C:\Users\scott\soccer-video\out\games\2025-09-20__TSC_vs_RVFC\MASTER.mp4","","","","1975","1964",""
"","030__2025-09-20__TSC_vs_RVFC__PRESSURE_SHOT__t1898.00-t1911.00_portrait_POST.mp4","C:\Users\scott\soccer-video\out\atomic_clips\2025-09-20__TSC_vs_RVFC\030__2025-09-20__TSC_vs_RVFC__PRESSURE_SHOT__t1898.00-t1911.00_portrait_POST.mp4","atomic_clips\2025-09-20__TSC_vs_RVFC\030__2025-09-20__TSC_vs_RVFC__PRESSURE_SHOT__t1898.00-t1911.00_portrait_POST.mp4","030__2025-09-20__TSC_vs_RVFC__PRESSURE_SHOT__t1898.00-t1911.00_portrait_POST","","","","","C:\Users\scott\soccer-video\out\games\2025-09-20__TSC_vs_RVFC\MASTER.mp4","","","","1911","1898",""
"","029__2025-09-20__TSC_vs_RVFC__PRESSURE_SHOT__t1883.00-t1893.00_portrait_POST.mp4","C:\Users\scott\soccer-video\out\atomic_clips\2025-09-20__TSC_vs_RVFC\029__2025-09-20__TSC_vs_RVFC__PRESSURE_SHOT__t1883.00-t1893.00_portrait_POST.mp4","atomic_clips\2025-09-20__TSC_vs_RVFC\029__2025-09-20__TSC_vs_RVFC__PRESSURE_SHOT__t1883.00-t1893.00_portrait_POST.mp4","029__2025-09-20__TSC_vs_RVFC__PRESSURE_SHOT__t1883.00-t1893.00_portrait_POST","","","","","C:\Users\scott\soccer-video\out\games\2025-09-20__TSC_vs_RVFC\MASTER.mp4","","","","1893","1883",""
"","023__2025-09-20__TSC_vs_RVFC__PRESSURE_SHOT__t1316.00-t1329.00_portrait_POST.mp4","C:\Users\scott\soccer-video\out\atomic_clips\2025-09-20__TSC_vs_RVFC\023__2025-09-20__TSC_vs_RVFC__PRESSURE_SHOT__t1316.00-t1329.00_portrait_POST.mp4","atomic_clips\2025-09-20__TSC_vs_RVFC\023__2025-09-20__TSC_vs_RVFC__PRESSURE_SHOT__t1316.00-t1329.00_portrait_POST.mp4","023__2025-09-20__TSC_vs_RVFC__PRESSURE_SHOT__t1316.00-t1329.00_portrait_POST","","","","","C:\Users\scott\soccer-video\out\games\2025-09-20__TSC_vs_RVFC\MASTER.mp4","","","","1329","1316",""
"","022__2025-09-20__TSC_vs_RVFC__PRESSURE_SHOT__t1300.00-t1310.00_portrait_POST.mp4","C:\Users\scott\soccer-video\out\atomic_clips\2025-09-20__TSC_vs_RVFC\022__2025-09-20__TSC_vs_RVFC__PRESSURE_SHOT__t1300.00-t1310.00_portrait_POST.mp4","atomic_clips\2025-09-20__TSC_vs_RVFC\022__2025-09-20__TSC_vs_RVFC__PRESSURE_SHOT__t1300.00-t1310.00_portrait_POST.mp4","022__2025-09-20__TSC_vs_RVFC__PRESSURE_SHOT__t1300.00-t1310.00_portrait_POST","","","","","C:\Users\scott\soccer-video\out\games\2025-09-20__TSC_vs_RVFC\MASTER.mp4","","","","1310","1300",""
"","011__2025-09-20__TSC_vs_RVFC__PRESSURE_SHOT__t689.00-t702.00_portrait_POST.mp4","C:\Users\scott\soccer-video\out\atomic_clips\2025-09-20__TSC_vs_RVFC\011__2025-09-20__TSC_vs_RVFC__PRESSURE_SHOT__t689.00-t702.00_portrait_POST.mp4","atomic_clips\2025-09-20__TSC_vs_RVFC\011__2025-09-20__TSC_vs_RVFC__PRESSURE_SHOT__t689.00-t702.00_portrait_POST.mp4","011__2025-09-20__TSC_vs_RVFC__PRESSURE_SHOT__t689.00-t702.00_portrait_POST","","","","","C:\Users\scott\soccer-video\out\games\2025-09-20__TSC_vs_RVFC\MASTER.mp4","","","","702","689",""
"","010__2025-09-20__TSC_vs_RVFC__PRESSURE_SHOT__t675.00-t689.00_portrait_POST.mp4","C:\Users\scott\soccer-video\out\atomic_clips\2025-09-20__TSC_vs_RVFC\010__2025-09-20__TSC_vs_RVFC__PRESSURE_SHOT__t675.00-t689.00_portrait_POST.mp4","atomic_clips\2025-09-20__TSC_vs_RVFC\010__2025-09-20__TSC_vs_RVFC__PRESSURE_SHOT__t675.00-t689.00_portrait_POST.mp4","010__2025-09-20__TSC_vs_RVFC__PRESSURE_SHOT__t675.00-t689.00_portrait_POST","","","","","C:\Users\scott\soccer-video\out\games\2025-09-20__TSC_vs_RVFC\MASTER.mp4","","","","689","675",""
"","009__2025-09-20__TSC_vs_RVFC__PRESSURE_SHOT__t604.00-t620.00_portrait_POST.mp4","C:\Users\scott\soccer-video\out\atomic_clips\2025-09-20__TSC_vs_RVFC\009__2025-09-20__TSC_vs_RVFC__PRESSURE_SHOT__t604.00-t620.00_portrait_POST.mp4","atomic_clips\2025-09-20__TSC_vs_RVFC\009__2025-09-20__TSC_vs_RVFC__PRESSURE_SHOT__t604.00-t620.00_portrait_POST.mp4","009__2025-09-20__TSC_vs_RVFC__PRESSURE_SHOT__t604.00-t620.00_portrait_POST","","","","","C:\Users\scott\soccer-video\out\games\2025-09-20__TSC_vs_RVFC\MASTER.mp4","","","","620","604",""
"","025__2025-09-20__TSC_vs_RVFC__PRESSURE_GOAL__t2203200.00-t2232000.00.mp4","C:\Users\scott\soccer-video\out\atomic_clips\2025-09-20__TSC_vs_RVFC\025__2025-09-20__TSC_vs_RVFC__PRESSURE_GOAL__t2203200.00-t2232000.00.mp4","atomic_clips\2025-09-20__TSC_vs_RVFC\025__2025-09-20__TSC_vs_RVFC__PRESSURE_GOAL__t2203200.00-t2232000.00.mp4","025__2025-09-20__TSC_vs_RVFC__PRESSURE_GOAL__t2203200.00-t2232000.00","","","","","C:\Users\scott\soccer-video\out\games\2025-09-20__TSC_vs_RVFC\MASTER.mp4","","","","2232000","2203200",""
"","007__2025-09-20__TSC_vs_RVFC__PRESSURE_GOAL__t31740.00-t32820.00.mp4","C:\Users\scott\soccer-video\out\atomic_clips\2025-09-20__TSC_vs_RVFC\007__2025-09-20__TSC_vs_RVFC__PRESSURE_GOAL__t31740.00-t32820.00.mp4","atomic_clips\2025-09-20__TSC_vs_RVFC\007__2025-09-20__TSC_vs_RVFC__PRESSURE_GOAL__t31740.00-t32820.00.mp4","007__2025-09-20__TSC_vs_RVFC__PRESSURE_GOAL__t31740.00-t32820.00","","","","","C:\Users\scott\soccer-video\out\games\2025-09-20__TSC_vs_RVFC\MASTER.mp4","","","","32820","31740",""
"","004__2025-09-20__TSC_vs_RVFC__PRESSURE_GOAL__t17880.00-t18720.00.mp4","C:\Users\scott\soccer-video\out\atomic_clips\2025-09-20__TSC_vs_RVFC\004__2025-09-20__TSC_vs_RVFC__PRESSURE_GOAL__t17880.00-t18720.00.mp4","atomic_clips\2025-09-20__TSC_vs_RVFC\004__2025-09-20__TSC_vs_RVFC__PRESSURE_GOAL__t17880.00-t18720.00.mp4","004__2025-09-20__TSC_vs_RVFC__PRESSURE_GOAL__t17880.00-t18720.00","","","","","C:\Users\scott\soccer-video\out\games\2025-09-20__TSC_vs_RVFC\MASTER.mp4","","","","18720","17880",""
"","039__2025-09-20__TSC_vs_RVFC__PRESSURE_GOAL__t2485.00-t2506.00_portrait_POST.mp4","C:\Users\scott\soccer-video\out\atomic_clips\2025-09-20__TSC_vs_RVFC\039__2025-09-20__TSC_vs_RVFC__PRESSURE_GOAL__t2485.00-t2506.00_portrait_POST.mp4","atomic_clips\2025-09-20__TSC_vs_RVFC\039__2025-09-20__TSC_vs_RVFC__PRESSURE_GOAL__t2485.00-t2506.00_portrait_POST.mp4","039__2025-09-20__TSC_vs_RVFC__PRESSURE_GOAL__t2485.00-t2506.00_portrait_POST","","","","","C:\Users\scott\soccer-video\out\games\2025-09-20__TSC_vs_RVFC\MASTER.mp4","","","","2506","2485",""
"","038__2025-09-20__TSC_vs_RVFC__PRESSURE_GOAL__t2411.00-t2431.00_portrait_POST.mp4","C:\Users\scott\soccer-video\out\atomic_clips\2025-09-20__TSC_vs_RVFC\038__2025-09-20__TSC_vs_RVFC__PRESSURE_GOAL__t2411.00-t2431.00_portrait_POST.mp4","atomic_clips\2025-09-20__TSC_vs_RVFC\038__2025-09-20__TSC_vs_RVFC__PRESSURE_GOAL__t2411.00-t2431.00_portrait_POST.mp4","038__2025-09-20__TSC_vs_RVFC__PRESSURE_GOAL__t2411.00-t2431.00_portrait_POST","","","","","C:\Users\scott\soccer-video\out\games\2025-09-20__TSC_vs_RVFC\MASTER.mp4","","","","2431","2411",""
"","036__2025-09-20__TSC_vs_RVFC__PRESSURE_GOAL__t2348.00-t2367.00_portrait_POST.mp4","C:\Users\scott\soccer-video\out\atomic_clips\2025-09-20__TSC_vs_RVFC\036__2025-09-20__TSC_vs_RVFC__PRESSURE_GOAL__t2348.00-t2367.00_portrait_POST.mp4","atomic_clips\2025-09-20__TSC_vs_RVFC\036__2025-09-20__TSC_vs_RVFC__PRESSURE_GOAL__t2348.00-t2367.00_portrait_POST.mp4","036__2025-09-20__TSC_vs_RVFC__PRESSURE_GOAL__t2348.00-t2367.00_portrait_POST","","","","","C:\Users\scott\soccer-video\out\games\2025-09-20__TSC_vs_RVFC\MASTER.mp4","","","","2367","2348",""
"","034__2025-09-20__TSC_vs_RVFC__PRESSURE_GOAL__t2158.00-t2169.00_portrait_POST.mp4","C:\Users\scott\soccer-video\out\atomic_clips\2025-09-20__TSC_vs_RVFC\034__2025-09-20__TSC_vs_RVFC__PRESSURE_GOAL__t2158.00-t2169.00_portrait_POST.mp4","atomic_clips\2025-09-20__TSC_vs_RVFC\034__2025-09-20__TSC_vs_RVFC__PRESSURE_GOAL__t2158.00-t2169.00_portrait_POST.mp4","034__2025-09-20__TSC_vs_RVFC__PRESSURE_GOAL__t2158.00-t2169.00_portrait_POST","","","","","C:\Users\scott\soccer-video\out\games\2025-09-20__TSC_vs_RVFC\MASTER.mp4","","","","2169","2158",""
"","025__2025-09-20__TSC_vs_RVFC__PRESSURE_GOAL__t1512.00-t1520.00_portrait_POST.mp4","C:\Users\scott\soccer-video\out\atomic_clips\2025-09-20__TSC_vs_RVFC\025__2025-09-20__TSC_vs_RVFC__PRESSURE_GOAL__t1512.00-t1520.00_portrait_POST.mp4","atomic_clips\2025-09-20__TSC_vs_RVFC\025__2025-09-20__TSC_vs_RVFC__PRESSURE_GOAL__t1512.00-t1520.00_portrait_POST.mp4","025__2025-09-20__TSC_vs_RVFC__PRESSURE_GOAL__t1512.00-t1520.00_portrait_POST","","","","","C:\Users\scott\soccer-video\out\games\2025-09-20__TSC_vs_RVFC\MASTER.mp4","","","","1520","1512",""
"","007__2025-09-20__TSC_vs_RVFC__PRESSURE_GOAL__t529.00-t547.00_portrait_POST.mp4","C:\Users\scott\soccer-video\out\atomic_clips\2025-09-20__TSC_vs_RVFC\007__2025-09-20__TSC_vs_RVFC__PRESSURE_GOAL__t529.00-t547.00_portrait_POST.mp4","atomic_clips\2025-09-20__TSC_vs_RVFC\007__2025-09-20__TSC_vs_RVFC__PRESSURE_GOAL__t529.00-t547.00_portrait_POST.mp4","007__2025-09-20__TSC_vs_RVFC__PRESSURE_GOAL__t529.00-t547.00_portrait_POST","","","","","C:\Users\scott\soccer-video\out\games\2025-09-20__TSC_vs_RVFC\MASTER.mp4","","","","547","529",""
"","019__2025-09-20__TSC_vs_RVFC__BUILD_UP_PLAY_SHOT__t69480.00-t70920.00.mp4","C:\Users\scott\soccer-video\out\atomic_clips\2025-09-20__TSC_vs_RVFC\019__2025-09-20__TSC_vs_RVFC__BUILD_UP_PLAY_SHOT__t69480.00-t70920.00.mp4","atomic_clips\2025-09-20__TSC_vs_RVFC\019__2025-09-20__TSC_vs_RVFC__BUILD_UP_PLAY_SHOT__t69480.00-t70920.00.mp4","019__2025-09-20__TSC_vs_RVFC__BUILD_UP_PLAY_SHOT__t69480.00-t70920.00","","","","","C:\Users\scott\soccer-video\out\games\2025-09-20__TSC_vs_RVFC\MASTER.mp4","","","","70920","69480",""
"","017__2025-09-20__TSC_vs_RVFC__BUILD_UP_PLAY_SHOT__t65280.00-t67440.00.mp4","C:\Users\scott\soccer-video\out\atomic_clips\2025-09-20__TSC_vs_RVFC\017__2025-09-20__TSC_vs_RVFC__BUILD_UP_PLAY_SHOT__t65280.00-t67440.00.mp4","atomic_clips\2025-09-20__TSC_vs_RVFC\017__2025-09-20__TSC_vs_RVFC__BUILD_UP_PLAY_SHOT__t65280.00-t67440.00.mp4","017__2025-09-20__TSC_vs_RVFC__BUILD_UP_PLAY_SHOT__t65280.00-t67440.00","","","","","C:\Users\scott\soccer-video\out\games\2025-09-20__TSC_vs_RVFC\MASTER.mp4","","","","67440","65280",""
"","016__2025-09-20__TSC_vs_RVFC__BUILD_UP_PLAY_SHOT__t59940.00-t61320.00.mp4","C:\Users\scott\soccer-video\out\atomic_clips\2025-09-20__TSC_vs_RVFC\016__2025-09-20__TSC_vs_RVFC__BUILD_UP_PLAY_SHOT__t59940.00-t61320.00.mp4","atomic_clips\2025-09-20__TSC_vs_RVFC\016__2025-09-20__TSC_vs_RVFC__BUILD_UP_PLAY_SHOT__t59940.00-t61320.00.mp4","016__2025-09-20__TSC_vs_RVFC__BUILD_UP_PLAY_SHOT__t59940.00-t61320.00","","","","","C:\Users\scott\soccer-video\out\games\2025-09-20__TSC_vs_RVFC\MASTER.mp4","","","","61320","59940",""
"","013__2025-09-20__TSC_vs_RVFC__BUILD_UP_PLAY_SHOT__t49260.00-t51900.00.mp4","C:\Users\scott\soccer-video\out\atomic_clips\2025-09-20__TSC_vs_RVFC\013__2025-09-20__TSC_vs_RVFC__BUILD_UP_PLAY_SHOT__t49260.00-t51900.00.mp4","atomic_clips\2025-09-20__TSC_vs_RVFC\013__2025-09-20__TSC_vs_RVFC__BUILD_UP_PLAY_SHOT__t49260.00-t51900.00.mp4","013__2025-09-20__TSC_vs_RVFC__BUILD_UP_PLAY_SHOT__t49260.00-t51900.00","","","","","C:\Users\scott\soccer-video\out\games\2025-09-20__TSC_vs_RVFC\MASTER.mp4","","","","51900","49260",""
"","012__2025-09-20__TSC_vs_RVFC__BUILD_UP_PLAY_SHOT__t44760.00-t45420.00.mp4","C:\Users\scott\soccer-video\out\atomic_clips\2025-09-20__TSC_vs_RVFC\012__2025-09-20__TSC_vs_RVFC__BUILD_UP_PLAY_SHOT__t44760.00-t45420.00.mp4","atomic_clips\2025-09-20__TSC_vs_RVFC\012__2025-09-20__TSC_vs_RVFC__BUILD_UP_PLAY_SHOT__t44760.00-t45420.00.mp4","012__2025-09-20__TSC_vs_RVFC__BUILD_UP_PLAY_SHOT__t44760.00-t45420.00","","","","","C:\Users\scott\soccer-video\out\games\2025-09-20__TSC_vs_RVFC\MASTER.mp4","","","","45420","44760",""
"","008__2025-09-20__TSC_vs_RVFC__BUILD_UP_PLAY_SHOT__t33900.00-t36000.00.mp4","C:\Users\scott\soccer-video\out\atomic_clips\2025-09-20__TSC_vs_RVFC\008__2025-09-20__TSC_vs_RVFC__BUILD_UP_PLAY_SHOT__t33900.00-t36000.00.mp4","atomic_clips\2025-09-20__TSC_vs_RVFC\008__2025-09-20__TSC_vs_RVFC__BUILD_UP_PLAY_SHOT__t33900.00-t36000.00.mp4","008__2025-09-20__TSC_vs_RVFC__BUILD_UP_PLAY_SHOT__t33900.00-t36000.00","","","","","C:\Users\scott\soccer-video\out\games\2025-09-20__TSC_vs_RVFC\MASTER.mp4","","","","36000","33900",""
"","005__2025-09-20__TSC_vs_RVFC__BUILD_UP_PLAY_SHOT__t21000.00-t22020.00.mp4","C:\Users\scott\soccer-video\out\atomic_clips\2025-09-20__TSC_vs_RVFC\005__2025-09-20__TSC_vs_RVFC__BUILD_UP_PLAY_SHOT__t21000.00-t22020.00.mp4","atomic_clips\2025-09-20__TSC_vs_RVFC\005__2025-09-20__TSC_vs_RVFC__BUILD_UP_PLAY_SHOT__t21000.00-t22020.00.mp4","005__2025-09-20__TSC_vs_RVFC__BUILD_UP_PLAY_SHOT__t21000.00-t22020.00","","","","","C:\Users\scott\soccer-video\out\games\2025-09-20__TSC_vs_RVFC\MASTER.mp4","","","","22020","21000",""
"","040__2025-09-20__TSC_vs_RVFC__BUILD_UP_PLAY_SHOT__t2571.00-t2599.00_portrait_POST.mp4","C:\Users\scott\soccer-video\out\atomic_clips\2025-09-20__TSC_vs_RVFC\040__2025-09-20__TSC_vs_RVFC__BUILD_UP_PLAY_SHOT__t2571.00-t2599.00_portrait_POST.mp4","atomic_clips\2025-09-20__TSC_vs_RVFC\040__2025-09-20__TSC_vs_RVFC__BUILD_UP_PLAY_SHOT__t2571.00-t2599.00_portrait_POST.mp4","040__2025-09-20__TSC_vs_RVFC__BUILD_UP_PLAY_SHOT__t2571.00-t2599.00_portrait_POST","","","","","C:\Users\scott\soccer-video\out\games\2025-09-20__TSC_vs_RVFC\MASTER.mp4","","","","2599","2571",""
"","035__2025-09-20__TSC_vs_RVFC__BUILD_UP_PLAY_SHOT__t2297.00-t2312.00_portrait_POST.mp4","C:\Users\scott\soccer-video\out\atomic_clips\2025-09-20__TSC_vs_RVFC\035__2025-09-20__TSC_vs_RVFC__BUILD_UP_PLAY_SHOT__t2297.00-t2312.00_portrait_POST.mp4","atomic_clips\2025-09-20__TSC_vs_RVFC\035__2025-09-20__TSC_vs_RVFC__BUILD_UP_PLAY_SHOT__t2297.00-t2312.00_portrait_POST.mp4","035__2025-09-20__TSC_vs_RVFC__BUILD_UP_PLAY_SHOT__t2297.00-t2312.00_portrait_POST","","","","","C:\Users\scott\soccer-video\out\games\2025-09-20__TSC_vs_RVFC\MASTER.mp4","","","","2312","2297",""
"","033__2025-09-20__TSC_vs_RVFC__BUILD_UP_PLAY_SHOT__t2131.00-t2150.00_portrait_POST.mp4","C:\Users\scott\soccer-video\out\atomic_clips\2025-09-20__TSC_vs_RVFC\033__2025-09-20__TSC_vs_RVFC__BUILD_UP_PLAY_SHOT__t2131.00-t2150.00_portrait_POST.mp4","atomic_clips\2025-09-20__TSC_vs_RVFC\033__2025-09-20__TSC_vs_RVFC__BUILD_UP_PLAY_SHOT__t2131.00-t2150.00_portrait_POST.mp4","033__2025-09-20__TSC_vs_RVFC__BUILD_UP_PLAY_SHOT__t2131.00-t2150.00_portrait_POST","","","","","C:\Users\scott\soccer-video\out\games\2025-09-20__TSC_vs_RVFC\MASTER.mp4","","","","2150","2131",""
"","032__2025-09-20__TSC_vs_RVFC__BUILD_UP_PLAY_SHOT__t2034.00-t2057.00_portrait_POST.mp4","C:\Users\scott\soccer-video\out\atomic_clips\2025-09-20__TSC_vs_RVFC\032__2025-09-20__TSC_vs_RVFC__BUILD_UP_PLAY_SHOT__t2034.00-t2057.00_portrait_POST.mp4","atomic_clips\2025-09-20__TSC_vs_RVFC\032__2025-09-20__TSC_vs_RVFC__BUILD_UP_PLAY_SHOT__t2034.00-t2057.00_portrait_POST.mp4","032__2025-09-20__TSC_vs_RVFC__BUILD_UP_PLAY_SHOT__t2034.00-t2057.00_portrait_POST","","","","","C:\Users\scott\soccer-video\out\games\2025-09-20__TSC_vs_RVFC\MASTER.mp4","","","","2057","2034",""
"","019__2025-09-20__TSC_vs_RVFC__BUILD_UP_PLAY_SHOT__t1158.00-t1182.00_portrait_POST.mp4","C:\Users\scott\soccer-video\out\atomic_clips\2025-09-20__TSC_vs_RVFC\019__2025-09-20__TSC_vs_RVFC__BUILD_UP_PLAY_SHOT__t1158.00-t1182.00_portrait_POST.mp4","atomic_clips\2025-09-20__TSC_vs_RVFC\019__2025-09-20__TSC_vs_RVFC__BUILD_UP_PLAY_SHOT__t1158.00-t1182.00_portrait_POST.mp4","019__2025-09-20__TSC_vs_RVFC__BUILD_UP_PLAY_SHOT__t1158.00-t1182.00_portrait_POST","","","","","C:\Users\scott\soccer-video\out\games\2025-09-20__TSC_vs_RVFC\MASTER.mp4","","","","1182","1158",""
"","017__2025-09-20__TSC_vs_RVFC__BUILD_UP_PLAY_SHOT__t1088.00-t1124.00_portrait_POST.mp4","C:\Users\scott\soccer-video\out\atomic_clips\2025-09-20__TSC_vs_RVFC\017__2025-09-20__TSC_vs_RVFC__BUILD_UP_PLAY_SHOT__t1088.00-t1124.00_portrait_POST.mp4","atomic_clips\2025-09-20__TSC_vs_RVFC\017__2025-09-20__TSC_vs_RVFC__BUILD_UP_PLAY_SHOT__t1088.00-t1124.00_portrait_POST.mp4","017__2025-09-20__TSC_vs_RVFC__BUILD_UP_PLAY_SHOT__t1088.00-t1124.00_portrait_POST","","","","","C:\Users\scott\soccer-video\out\games\2025-09-20__TSC_vs_RVFC\MASTER.mp4","","","","1124","1088",""
"","016__2025-09-20__TSC_vs_RVFC__BUILD_UP_PLAY_SHOT__t999.00-t1022.00_portrait_POST.mp4","C:\Users\scott\soccer-video\out\atomic_clips\2025-09-20__TSC_vs_RVFC\016__2025-09-20__TSC_vs_RVFC__BUILD_UP_PLAY_SHOT__t999.00-t1022.00_portrait_POST.mp4","atomic_clips\2025-09-20__TSC_vs_RVFC\016__2025-09-20__TSC_vs_RVFC__BUILD_UP_PLAY_SHOT__t999.00-t1022.00_portrait_POST.mp4","016__2025-09-20__TSC_vs_RVFC__BUILD_UP_PLAY_SHOT__t999.00-t1022.00_portrait_POST","","","","","C:\Users\scott\soccer-video\out\games\2025-09-20__TSC_vs_RVFC\MASTER.mp4","","","","1022","999",""
"","013__2025-09-20__TSC_vs_RVFC__BUILD_UP_PLAY_SHOT__t821.00-t865.00_portrait_POST.mp4","C:\Users\scott\soccer-video\out\atomic_clips\2025-09-20__TSC_vs_RVFC\013__2025-09-20__TSC_vs_RVFC__BUILD_UP_PLAY_SHOT__t821.00-t865.00_portrait_POST.mp4","atomic_clips\2025-09-20__TSC_vs_RVFC\013__2025-09-20__TSC_vs_RVFC__BUILD_UP_PLAY_SHOT__t821.00-t865.00_portrait_POST.mp4","013__2025-09-20__TSC_vs_RVFC__BUILD_UP_PLAY_SHOT__t821.00-t865.00_portrait_POST","","","","","C:\Users\scott\soccer-video\out\games\2025-09-20__TSC_vs_RVFC\MASTER.mp4","","","","865","821",""
"","012__2025-09-20__TSC_vs_RVFC__BUILD_UP_PLAY_SHOT__t746.00-t757.00_portrait_POST.mp4","C:\Users\scott\soccer-video\out\atomic_clips\2025-09-20__TSC_vs_RVFC\012__2025-09-20__TSC_vs_RVFC__BUILD_UP_PLAY_SHOT__t746.00-t757.00_portrait_POST.mp4","atomic_clips\2025-09-20__TSC_vs_RVFC\012__2025-09-20__TSC_vs_RVFC__BUILD_UP_PLAY_SHOT__t746.00-t757.00_portrait_POST.mp4","012__2025-09-20__TSC_vs_RVFC__BUILD_UP_PLAY_SHOT__t746.00-t757.00_portrait_POST","","","","","C:\Users\scott\soccer-video\out\games\2025-09-20__TSC_vs_RVFC\MASTER.mp4","","","","757","746",""
"","008__2025-09-20__TSC_vs_RVFC__BUILD_UP_PLAY_SHOT__t565.00-t600.00_portrait_POST.mp4","C:\Users\scott\soccer-video\out\atomic_clips\2025-09-20__TSC_vs_RVFC\008__2025-09-20__TSC_vs_RVFC__BUILD_UP_PLAY_SHOT__t565.00-t600.00_portrait_POST.mp4","atomic_clips\2025-09-20__TSC_vs_RVFC\008__2025-09-20__TSC_vs_RVFC__BUILD_UP_PLAY_SHOT__t565.00-t600.00_portrait_POST.mp4","008__2025-09-20__TSC_vs_RVFC__BUILD_UP_PLAY_SHOT__t565.00-t600.00_portrait_POST","","","","","C:\Users\scott\soccer-video\out\games\2025-09-20__TSC_vs_RVFC\MASTER.mp4","","","","600","565",""
"","014__2025-09-20__TSC_vs_RVFC__DEFENSE_BUILD_UP__t52800.00-t53820.00.mp4","C:\Users\scott\soccer-video\out\atomic_clips\2025-09-20__TSC_vs_RVFC\014__2025-09-20__TSC_vs_RVFC__DEFENSE_BUILD_UP__t52800.00-t53820.00.mp4","atomic_clips\2025-09-20__TSC_vs_RVFC\014__2025-09-20__TSC_vs_RVFC__DEFENSE_BUILD_UP__t52800.00-t53820.00.mp4","014__2025-09-20__TSC_vs_RVFC__DEFENSE_BUILD_UP__t52800.00-t53820.00","","","","","C:\Users\scott\soccer-video\out\games\2025-09-20__TSC_vs_RVFC\MASTER.mp4","","","","53820","52800",""
"","014__2025-09-20__TSC_vs_RVFC__DEFENSE_BUILD_UP__t880.00-t897.00_portrait_POST.mp4","C:\Users\scott\soccer-video\out\atomic_clips\2025-09-20__TSC_vs_RVFC\014__2025-09-20__TSC_vs_RVFC__DEFENSE_BUILD_UP__t880.00-t897.00_portrait_POST.mp4","atomic_clips\2025-09-20__TSC_vs_RVFC\014__2025-09-20__TSC_vs_RVFC__DEFENSE_BUILD_UP__t880.00-t897.00_portrait_POST.mp4","014__2025-09-20__TSC_vs_RVFC__DEFENSE_BUILD_UP__t880.00-t897.00_portrait_POST","","","","","C:\Users\scott\soccer-video\out\games\2025-09-20__TSC_vs_RVFC\MASTER.mp4","","","","897","880",""
"","026__2025-09-20__TSC_vs_RVFC__DRIBBLING_SHOT__t2592000.00-t2628000.00.mp4","C:\Users\scott\soccer-video\out\atomic_clips\2025-09-20__TSC_vs_RVFC\026__2025-09-20__TSC_vs_RVFC__DRIBBLING_SHOT__t2592000.00-t2628000.00.mp4","atomic_clips\2025-09-20__TSC_vs_RVFC\026__2025-09-20__TSC_vs_RVFC__DRIBBLING_SHOT__t2592000.00-t2628000.00.mp4","026__2025-09-20__TSC_vs_RVFC__DRIBBLING_SHOT__t2592000.00-t2628000.00","","","","","C:\Users\scott\soccer-video\out\games\2025-09-20__TSC_vs_RVFC\MASTER.mp4","","","","2628000","2592000",""
"","018__2025-09-20__TSC_vs_RVFC__DRIBBLING_SHOT__t68820.00-t69180.00.mp4","C:\Users\scott\soccer-video\out\atomic_clips\2025-09-20__TSC_vs_RVFC\018__2025-09-20__TSC_vs_RVFC__DRIBBLING_SHOT__t68820.00-t69180.00.mp4","atomic_clips\2025-09-20__TSC_vs_RVFC\018__2025-09-20__TSC_vs_RVFC__DRIBBLING_SHOT__t68820.00-t69180.00.mp4","018__2025-09-20__TSC_vs_RVFC__DRIBBLING_SHOT__t68820.00-t69180.00","","","","","C:\Users\scott\soccer-video\out\games\2025-09-20__TSC_vs_RVFC\MASTER.mp4","","","","69180","68820",""
"","026__2025-09-20__TSC_vs_RVFC__DRIBBLING_SHOT__t1800.00-t1810.00_portrait_POST.mp4","C:\Users\scott\soccer-video\out\atomic_clips\2025-09-20__TSC_vs_RVFC\026__2025-09-20__TSC_vs_RVFC__DRIBBLING_SHOT__t1800.00-t1810.00_portrait_POST.mp4","atomic_clips\2025-09-20__TSC_vs_RVFC\026__2025-09-20__TSC_vs_RVFC__DRIBBLING_SHOT__t1800.00-t1810.00_portrait_POST.mp4","026__2025-09-20__TSC_vs_RVFC__DRIBBLING_SHOT__t1800.00-t1810.00_portrait_POST","","","","","C:\Users\scott\soccer-video\out\games\2025-09-20__TSC_vs_RVFC\MASTER.mp4","","","","1810","1800",""
"","018__2025-09-20__TSC_vs_RVFC__DRIBBLING_SHOT__t1147.00-t1153.00_portrait_POST.mp4","C:\Users\scott\soccer-video\out\atomic_clips\2025-09-20__TSC_vs_RVFC\018__2025-09-20__TSC_vs_RVFC__DRIBBLING_SHOT__t1147.00-t1153.00_portrait_POST.mp4","atomic_clips\2025-09-20__TSC_vs_RVFC\018__2025-09-20__TSC_vs_RVFC__DRIBBLING_SHOT__t1147.00-t1153.00_portrait_POST.mp4","018__2025-09-20__TSC_vs_RVFC__DRIBBLING_SHOT__t1147.00-t1153.00_portrait_POST","","","","","C:\Users\scott\soccer-video\out\games\2025-09-20__TSC_vs_RVFC\MASTER.mp4","","","","1153","1147",""
"","021__2025-09-20__TSC_vs_RVFC__CROSS__t76500.00-t77580.00.mp4","C:\Users\scott\soccer-video\out\atomic_clips\2025-09-20__TSC_vs_RVFC\021__2025-09-20__TSC_vs_RVFC__CROSS__t76500.00-t77580.00.mp4","atomic_clips\2025-09-20__TSC_vs_RVFC\021__2025-09-20__TSC_vs_RVFC__CROSS__t76500.00-t77580.00.mp4","021__2025-09-20__TSC_vs_RVFC__CROSS__t76500.00-t77580.00","","","","","C:\Users\scott\soccer-video\out\games\2025-09-20__TSC_vs_RVFC\MASTER.mp4","","","","77580","76500",""
"","021__2025-09-20__TSC_vs_RVFC__CROSS__t1275.00-t1293.00_portrait_POST.mp4","C:\Users\scott\soccer-video\out\atomic_clips\2025-09-20__TSC_vs_RVFC\021__2025-09-20__TSC_vs_RVFC__CROSS__t1275.00-t1293.00_portrait_POST.mp4","atomic_clips\2025-09-20__TSC_vs_RVFC\021__2025-09-20__TSC_vs_RVFC__CROSS__t1275.00-t1293.00_portrait_POST.mp4","021__2025-09-20__TSC_vs_RVFC__CROSS__t1275.00-t1293.00_portrait_POST","","","","","C:\Users\scott\soccer-video\out\games\2025-09-20__TSC_vs_RVFC\MASTER.mp4","","","","1293","1275",""
"","024__2025-09-20__TSC_vs_RVFC__FREE_KICK__t84120.00-t85260.00.mp4","C:\Users\scott\soccer-video\out\atomic_clips\2025-09-20__TSC_vs_RVFC\024__2025-09-20__TSC_vs_RVFC__FREE_KICK__t84120.00-t85260.00.mp4","atomic_clips\2025-09-20__TSC_vs_RVFC\024__2025-09-20__TSC_vs_RVFC__FREE_KICK__t84120.00-t85260.00.mp4","024__2025-09-20__TSC_vs_RVFC__FREE_KICK__t84120.00-t85260.00","","","","","C:\Users\scott\soccer-video\out\games\2025-09-20__TSC_vs_RVFC\MASTER.mp4","","","","85260","84120",""
"","024__2025-09-20__TSC_vs_RVFC__FREE_KICK__t1402.00-t1421.00_portrait_POST.mp4","C:\Users\scott\soccer-video\out\atomic_clips\2025-09-20__TSC_vs_RVFC\024__2025-09-20__TSC_vs_RVFC__FREE_KICK__t1402.00-t1421.00_portrait_POST.mp4","atomic_clips\2025-09-20__TSC_vs_RVFC\024__2025-09-20__TSC_vs_RVFC__FREE_KICK__t1402.00-t1421.00_portrait_POST.mp4","024__2025-09-20__TSC_vs_RVFC__FREE_KICK__t1402.00-t1421.00_portrait_POST","","","","","C:\Users\scott\soccer-video\out\games\2025-09-20__TSC_vs_RVFC\MASTER.mp4","","","","1421","1402",""
"","042__2025-09-20__TSC_vs_RVFC__CORNER__t3992400.00-t4057200.00.mp4","C:\Users\scott\soccer-video\out\atomic_clips\2025-09-20__TSC_vs_RVFC\042__2025-09-20__TSC_vs_RVFC__CORNER__t3992400.00-t4057200.00.mp4","atomic_clips\2025-09-20__TSC_vs_RVFC\042__2025-09-20__TSC_vs_RVFC__CORNER__t3992400.00-t4057200.00.mp4","042__2025-09-20__TSC_vs_RVFC__CORNER__t3992400.00-t4057200.00","","","","","C:\Users\scott\soccer-video\out\games\2025-09-20__TSC_vs_RVFC\MASTER.mp4","","","","4057200","3992400",""
"","041__2025-09-20__TSC_vs_RVFC__CORNER__t3931200.00-t3967200.00.mp4","C:\Users\scott\soccer-video\out\atomic_clips\2025-09-20__TSC_vs_RVFC\041__2025-09-20__TSC_vs_RVFC__CORNER__t3931200.00-t3967200.00.mp4","atomic_clips\2025-09-20__TSC_vs_RVFC\041__2025-09-20__TSC_vs_RVFC__CORNER__t3931200.00-t3967200.00.mp4","041__2025-09-20__TSC_vs_RVFC__CORNER__t3931200.00-t3967200.00","","","","","C:\Users\scott\soccer-video\out\games\2025-09-20__TSC_vs_RVFC\MASTER.mp4","","","","3967200","3931200",""
"","042__2025-09-20__TSC_vs_RVFC__CORNER__t2765.00-t2783.00_portrait_POST.mp4","C:\Users\scott\soccer-video\out\atomic_clips\2025-09-20__TSC_vs_RVFC\042__2025-09-20__TSC_vs_RVFC__CORNER__t2765.00-t2783.00_portrait_POST.mp4","atomic_clips\2025-09-20__TSC_vs_RVFC\042__2025-09-20__TSC_vs_RVFC__CORNER__t2765.00-t2783.00_portrait_POST.mp4","042__2025-09-20__TSC_vs_RVFC__CORNER__t2765.00-t2783.00_portrait_POST","","","","","C:\Users\scott\soccer-video\out\games\2025-09-20__TSC_vs_RVFC\MASTER.mp4","","","","2783","2765",""
"","041__2025-09-20__TSC_vs_RVFC__CORNER__t2712.00-t2722.00_portrait_POST.mp4","C:\Users\scott\soccer-video\out\atomic_clips\2025-09-20__TSC_vs_RVFC\041__2025-09-20__TSC_vs_RVFC__CORNER__t2712.00-t2722.00_portrait_POST.mp4","atomic_clips\2025-09-20__TSC_vs_RVFC\041__2025-09-20__TSC_vs_RVFC__CORNER__t2712.00-t2722.00_portrait_POST.mp4","041__2025-09-20__TSC_vs_RVFC__CORNER__t2712.00-t2722.00_portrait_POST","","","","","C:\Users\scott\soccer-video\out\games\2025-09-20__TSC_vs_RVFC\MASTER.mp4","","","","2722","2712",""
"","028__2025-09-20__TSC_vs_RVFC__CORNER__t1852.00-t1875.00_portrait_POST.mp4","C:\Users\scott\soccer-video\out\atomic_clips\2025-09-20__TSC_vs_RVFC\028__2025-09-20__TSC_vs_RVFC__CORNER__t1852.00-t1875.00_portrait_POST.mp4","atomic_clips\2025-09-20__TSC_vs_RVFC\028__2025-09-20__TSC_vs_RVFC__CORNER__t1852.00-t1875.00_portrait_POST.mp4","028__2025-09-20__TSC_vs_RVFC__CORNER__t1852.00-t1875.00_portrait_POST","","","","","C:\Users\scott\soccer-video\out\games\2025-09-20__TSC_vs_RVFC\MASTER.mp4","","","","1875","1852",""
"","044__2025-09-20__TSC_vs_RVFC__GOAL__t3051.00-t3066.00_portrait_POST.mp4","C:\Users\scott\soccer-video\out\atomic_clips\2025-09-20__TSC_vs_RVFC\044__2025-09-20__TSC_vs_RVFC__GOAL__t3051.00-t3066.00_portrait_POST.mp4","atomic_clips\2025-09-20__TSC_vs_RVFC\044__2025-09-20__TSC_vs_RVFC__GOAL__t3051.00-t3066.00_portrait_POST.mp4","044__2025-09-20__TSC_vs_RVFC__GOAL__t3051.00-t3066.00_portrait_POST","","","","","C:\Users\scott\soccer-video\out\games\2025-09-20__TSC_vs_RVFC\MASTER.mp4","","","","3066","3051",""
"","043__2025-09-20__TSC_vs_RVFC__GOAL__t3010.00-t3028.00_portrait_POST.mp4","C:\Users\scott\soccer-video\out\atomic_clips\2025-09-20__TSC_vs_RVFC\043__2025-09-20__TSC_vs_RVFC__GOAL__t3010.00-t3028.00_portrait_POST.mp4","atomic_clips\2025-09-20__TSC_vs_RVFC\043__2025-09-20__TSC_vs_RVFC__GOAL__t3010.00-t3028.00_portrait_POST.mp4","043__2025-09-20__TSC_vs_RVFC__GOAL__t3010.00-t3028.00_portrait_POST","","","","","C:\Users\scott\soccer-video\out\games\2025-09-20__TSC_vs_RVFC\MASTER.mp4","","","","3028","3010",""
"","001__2025-10-04__TSC_vs_FC_Tulsa_Black__DRIBBLING__t23220.00-t24720.00.mp4","C:\Users\scott\soccer-video\out\atomic_clips\2025-10-04__TSC_vs_FC\001__2025-10-04__TSC_vs_FC_Tulsa_Black__DRIBBLING__t23220.00-t24720.00.mp4","atomic_clips\2025-10-04__TSC_vs_FC\001__2025-10-04__TSC_vs_FC_Tulsa_Black__DRIBBLING__t23220.00-t24720.00.mp4","001__2025-10-04__TSC_vs_FC_Tulsa_Black__DRIBBLING__t23220.00-t24720.00","","","","","C:/Users/scott/soccer-video/out/games/2025-10-04__TSC_vs_FC_Tulsa_Black/MASTER.mp4","","","","24720","23220",""
"","001__2025-10-04__TSC_vs_FC_Tulsa_Black__DRIBBLING__t387-t412.mp4","C:\Users\scott\soccer-video\out\atomic_clips\2025-10-04__TSC_vs_FC\001__2025-10-04__TSC_vs_FC_Tulsa_Black__DRIBBLING__t387-t412.mp4","atomic_clips\2025-10-04__TSC_vs_FC\001__2025-10-04__TSC_vs_FC_Tulsa_Black__DRIBBLING__t387-t412.mp4","001__2025-10-04__TSC_vs_FC_Tulsa_Black__DRIBBLING__t387-t412","","","","","C:/Users/scott/soccer-video/out/games/2025-10-04__TSC_vs_FC_Tulsa_Black/MASTER.mp4","","","","412","387",""
"","004__2025-10-04__TSC_vs_FC_Tulsa_Black__BUILD_UP__t29700.00-t30780.00.mp4","C:\Users\scott\soccer-video\out\atomic_clips\2025-10-04__TSC_vs_FC\004__2025-10-04__TSC_vs_FC_Tulsa_Black__BUILD_UP__t29700.00-t30780.00.mp4","atomic_clips\2025-10-04__TSC_vs_FC\004__2025-10-04__TSC_vs_FC_Tulsa_Black__BUILD_UP__t29700.00-t30780.00.mp4","004__2025-10-04__TSC_vs_FC_Tulsa_Black__BUILD_UP__t29700.00-t30780.00","","","","","C:/Users/scott/soccer-video/out/games/2025-10-04__TSC_vs_FC_Tulsa_Black/MASTER.mp4","","","","30780","29700",""
"","003__2025-10-04__TSC_vs_FC_Tulsa_Black__BUILD_UP__t27480.00-t29220.00.mp4","C:\Users\scott\soccer-video\out\atomic_clips\2025-10-04__TSC_vs_FC\003__2025-10-04__TSC_vs_FC_Tulsa_Black__BUILD_UP__t27480.00-t29220.00.mp4","atomic_clips\2025-10-04__TSC_vs_FC\003__2025-10-04__TSC_vs_FC_Tulsa_Black__BUILD_UP__t27480.00-t29220.00.mp4","003__2025-10-04__TSC_vs_FC_Tulsa_Black__BUILD_UP__t27480.00-t29220.00","","","","","C:/Users/scott/soccer-video/out/games/2025-10-04__TSC_vs_FC_Tulsa_Black/MASTER.mp4","","","","29220","27480",""
"","002__2025-10-04__TSC_vs_FC_Tulsa_Black__BUILD_UP__t25260.00-t26940.00.mp4","C:\Users\scott\soccer-video\out\atomic_clips\2025-10-04__TSC_vs_FC\002__2025-10-04__TSC_vs_FC_Tulsa_Black__BUILD_UP__t25260.00-t26940.00.mp4","atomic_clips\2025-10-04__TSC_vs_FC\002__2025-10-04__TSC_vs_FC_Tulsa_Black__BUILD_UP__t25260.00-t26940.00.mp4","002__2025-10-04__TSC_vs_FC_Tulsa_Black__BUILD_UP__t25260.00-t26940.00","","","","","C:/Users/scott/soccer-video/out/games/2025-09-20__TSC_vs_RVFC/MASTER.mp4","","","","26940","25260",""
"","014__2025-10-04__TSC_vs_FC_Tulsa_Black__SHOT__t2354400.00-t2394000.00.mp4","C:\Users\scott\soccer-video\out\atomic_clips\2025-10-04__TSC_vs_FC\014__2025-10-04__TSC_vs_FC_Tulsa_Black__SHOT__t2354400.00-t2394000.00.mp4","atomic_clips\2025-10-04__TSC_vs_FC\014__2025-10-04__TSC_vs_FC_Tulsa_Black__SHOT__t2354400.00-t2394000.00.mp4","014__2025-10-04__TSC_vs_FC_Tulsa_Black__SHOT__t2354400.00-t2394000.00","","","","","C:/Users/scott/soccer-video/out/games/2025-10-04__TSC_vs_FC_Tulsa_Black/MASTER.mp4","","","","2394000","2354400",""
"","005__2025-10-04__TSC_vs_FC_Tulsa_Black__SHOT__t36000.00-t36420.00.mp4","C:\Users\scott\soccer-video\out\atomic_clips\2025-10-04__TSC_vs_FC\005__2025-10-04__TSC_vs_FC_Tulsa_Black__SHOT__t36000.00-t36420.00.mp4","atomic_clips\2025-10-04__TSC_vs_FC\005__2025-10-04__TSC_vs_FC_Tulsa_Black__SHOT__t36000.00-t36420.00.mp4","005__2025-10-04__TSC_vs_FC_Tulsa_Black__SHOT__t36000.00-t36420.00","","","","","C:/Users/scott/soccer-video/out/games/2025-09-20__TSC_vs_RVFC/MASTER.mp4","","","","36420","36000",""
"","006__2025-10-04__TSC_vs_FC_Tulsa_Black__BUILD_UP_GOAL__t40440.00-t43020.00.__DEBUG.mp4","C:\Users\scott\soccer-video\out\atomic_clips\2025-10-04__TSC_vs_FC\006__2025-10-04__TSC_vs_FC_Tulsa_Black__BUILD_UP_GOAL__t40440.00-t43020.00.__DEBUG.mp4","atomic_clips\2025-10-04__TSC_vs_FC\006__2025-10-04__TSC_vs_FC_Tulsa_Black__BUILD_UP_GOAL__t40440.00-t43020.00.__DEBUG.mp4","006__2025-10-04__TSC_vs_FC_Tulsa_Black__BUILD_UP_GOAL__t40440.00-t43020.00.__DEBUG","","","","","C:/Users/scott/soccer-video/out/games/2025-10-04__TSC_vs_FC_Tulsa_Black/MASTER.mp4","","","","43020","40440",""
"","011__2025-10-04__TSC_vs_FC_Tulsa_Black__BUILD_UP_SHOT__t71880.00-t73320.00.mp4","C:\Users\scott\soccer-video\out\atomic_clips\2025-10-04__TSC_vs_FC\011__2025-10-04__TSC_vs_FC_Tulsa_Black__BUILD_UP_SHOT__t71880.00-t73320.00.mp4","atomic_clips\2025-10-04__TSC_vs_FC\011__2025-10-04__TSC_vs_FC_Tulsa_Black__BUILD_UP_SHOT__t71880.00-t73320.00.mp4","011__2025-10-04__TSC_vs_FC_Tulsa_Black__BUILD_UP_SHOT__t71880.00-t73320.00","","","","","C:/Users/scott/soccer-video/out/games/2025-10-04__TSC_vs_FC_Tulsa_Black/MASTER.mp4","","","","73320","71880",""
"","010__2025-10-04__TSC_vs_FC_Tulsa_Black__BUILD_UP_SHOT__t63480.00-t64800.00.mp4","C:\Users\scott\soccer-video\out\atomic_clips\2025-10-04__TSC_vs_FC\010__2025-10-04__TSC_vs_FC_Tulsa_Black__BUILD_UP_SHOT__t63480.00-t64800.00.mp4","atomic_clips\2025-10-04__TSC_vs_FC\010__2025-10-04__TSC_vs_FC_Tulsa_Black__BUILD_UP_SHOT__t63480.00-t64800.00.mp4","010__2025-10-04__TSC_vs_FC_Tulsa_Black__BUILD_UP_SHOT__t63480.00-t64800.00","","","","","C:/Users/scott/soccer-video/out/games/2025-10-04__TSC_vs_FC_Tulsa_Black/MASTER.mp4","","","","64800","63480",""
"","008__2025-10-04__TSC_vs_FC_Tulsa_Black__BUILD_UP_SHOT__t61500.00-t62400.00.mp4","C:\Users\scott\soccer-video\out\atomic_clips\2025-10-04__TSC_vs_FC\008__2025-10-04__TSC_vs_FC_Tulsa_Black__BUILD_UP_SHOT__t61500.00-t62400.00.mp4","atomic_clips\2025-10-04__TSC_vs_FC\008__2025-10-04__TSC_vs_FC_Tulsa_Black__BUILD_UP_SHOT__t61500.00-t62400.00.mp4","008__2025-10-04__TSC_vs_FC_Tulsa_Black__BUILD_UP_SHOT__t61500.00-t62400.00","","","","","C:/Users/scott/soccer-video/out/games/2025-10-04__TSC_vs_FC_Tulsa_Black/MASTER.mp4","","","","62400","61500",""
"","007__2025-10-04__TSC_vs_FC_Tulsa_Black__BUILD_UP_SHOT__t46020.00-t47100.00.mp4","C:\Users\scott\soccer-video\out\atomic_clips\2025-10-04__TSC_vs_FC\007__2025-10-04__TSC_vs_FC_Tulsa_Black__BUILD_UP_SHOT__t46020.00-t47100.00.mp4","atomic_clips\2025-10-04__TSC_vs_FC\007__2025-10-04__TSC_vs_FC_Tulsa_Black__BUILD_UP_SHOT__t46020.00-t47100.00.mp4","007__2025-10-04__TSC_vs_FC_Tulsa_Black__BUILD_UP_SHOT__t46020.00-t47100.00","","","","","C:/Users/scott/soccer-video/out/games/2025-09-20__TSC_vs_RVFC/MASTER.mp4","","","","47100","46020",""
"","009__2025-10-04__TSC_vs_FC_Tulsa_Black__PRESSURE_SHOT__t62760.00-t63420.00.mp4","C:\Users\scott\soccer-video\out\atomic_clips\2025-10-04__TSC_vs_FC\009__2025-10-04__TSC_vs_FC_Tulsa_Black__PRESSURE_SHOT__t62760.00-t63420.00.mp4","atomic_clips\2025-10-04__TSC_vs_FC\009__2025-10-04__TSC_vs_FC_Tulsa_Black__PRESSURE_SHOT__t62760.00-t63420.00.mp4","009__2025-10-04__TSC_vs_FC_Tulsa_Black__PRESSURE_SHOT__t62760.00-t63420.00","","","","","C:/Users/scott/soccer-video/out/games/2025-10-04__TSC_vs_FC_Tulsa_Black/MASTER.mp4","","","","63420","62760",""
"","012__2025-10-04__TSC_vs_FC_Tulsa_Black__PRESSURE_GOAL__t74340.00-t75180.00.mp4","C:\Users\scott\soccer-video\out\atomic_clips\2025-10-04__TSC_vs_FC\012__2025-10-04__TSC_vs_FC_Tulsa_Black__PRESSURE_GOAL__t74340.00-t75180.00.mp4","atomic_clips\2025-10-04__TSC_vs_FC\012__2025-10-04__TSC_vs_FC_Tulsa_Black__PRESSURE_GOAL__t74340.00-t75180.00.mp4","012__2025-10-04__TSC_vs_FC_Tulsa_Black__PRESSURE_GOAL__t74340.00-t75180.00","","","","","C:/Users/scott/soccer-video/out/games/2025-10-04__TSC_vs_FC_Tulsa_Black/MASTER.mp4","","","","75180","74340",""
"","013__2025-10-04__TSC_vs_FC_Tulsa_Black__BUILD_UP_PLAY__t77400.00-t78360.00.mp4","C:\Users\scott\soccer-video\out\atomic_clips\2025-10-04__TSC_vs_FC\013__2025-10-04__TSC_vs_FC_Tulsa_Black__BUILD_UP_PLAY__t77400.00-t78360.00.mp4","atomic_clips\2025-10-04__TSC_vs_FC\013__2025-10-04__TSC_vs_FC_Tulsa_Black__BUILD_UP_PLAY__t77400.00-t78360.00.mp4","013__2025-10-04__TSC_vs_FC_Tulsa_Black__BUILD_UP_PLAY__t77400.00-t78360.00","","","","","C:/Users/scott/soccer-video/out/games/2025-10-04__TSC_vs_FC_Tulsa_Black/MASTER.mp4","","","","78360","77400",""
